sample,barcode,count,length_sum
demo1,ACCGAATAGCTCGGCT-1,1,0
demo1,ACGTTAGAGACTCGGA-1,1,0
demo1,ACTCGGGTCGGTTAGT-1,1,0
demo1,AGATAGATCCAGAGAG-1,1,0
demo1,CCATACCAGAGGTCCA-1,1,0
demo1,CTACTTACAGGGAGTT-1,1,0
demo1,CTCTCAGTCGGGTCCA-1,1,0
demo1,GATTAGCAGTTTACGC-1,1,0
demo1,GCATGATAGGATGTAT-1,1,0
demo1,GGCACGTGTAGGTCTT-1,1,0
demo1,GTTCAAGTCTGGCGCA-1,1,0
demo1,TAACGGTAGCGCACAA-1,1,0
demo1,TACAGCATCTGGGCGT-1,1,0
demo1,TACATTCTCATCGCAA-1,1,0
demo1,TAGACTGAGGATTAAC-1,1,0
demo1,TAGACTGTCGCTCGGA-1,1,0
demo1,TGCCTGTTCCGAATTG-1,1,0
demo1,TGTTAGGGTCTGGTCG-1,1,0
demo1,TTCATCAGTGCAACAG-1,1,0
demo1,TTCGCGTGTGTTGGTT-1,1,0
demo2,AAACTGCTCGCTTACC-1,1,9
demo2,AAAGATGTCAATTGGC-1,1,9
demo2,ACAGGCCAGCTACGCC-1,1,9
demo2,ACGTGGCTCCTTTGCG-1,1,9
demo2,ACTACGACACTTGCGG-1,1,9
demo2,AGCGTATTCTCCTTGG-1,1,9
demo2,ATTGTGGCAAGGATGC-1,1,9
demo2,CACAGATCATGCGACC-1,1,9
demo2,CACTGAATCTGGCACG-1,1,9
demo2,CCTTGCACACGATTAC-1,1,9
demo2,CGGACCACAAGGTCGA-1,1,9
demo2,CTACTTATCCCTAAAG-1,1,9
demo2,CTCTAGCAGACTCGGA-1,1,9
demo2,CTGCGTTCACTCCACT-1,1,9
demo2,CTGTTCGGTGCCCGAT-1,1,9
demo2,GAACCGCGTCCTCAGG-1,1,9
demo2,GAATCTGGTCCGAGCT-1,1,9
demo2,GACCCAGCACGACGAA-1,1,9
demo2,GAGCATTCATTCACCC-1,1,9
demo2,GATGGCCGTGCCCGAT-1,1,9
demo2,GCCAGACGTGATAACA-1,1,9
demo2,GCGATCGTCAGTGGTT-1,1,9
demo2,GGCGTTGAGTTCTCCC-1,1,9
demo2,GGCGTTGTCTTACTCA-1,1,9
demo2,GGGCCATGTGAATACA-1,1,9
demo2,GGGCCATGTGAGTCGA-1,1,9
demo2,GGGTTATAGAACTAAC-1,1,9
demo2,GGTGCTGAGAGTTTGA-1,1,9
demo2,GGTGCTGGTATCTGCA-1,1,9
demo2,GGTTGCGTCCTTCGAC-1,1,9
demo2,GTGTCAATCTGTGTGA-1,1,9
demo2,TACTAGGTCCGTCAAA-1,1,9
demo2,TAGGTGTCAGCTGATT-1,1,9
demo2,TCAAGACTCTGGGCGT-1,1,9
demo2,TCCAGAACACTGCTCT-1,1,9
demo2,TGATGCAGTAGAAGCC-1,1,9
demo2,TGCTCACTCTAGCAGT-1,1,9
demo2,TGTAGCAAGGGTCTGA-1,1,9
demo3,ACCCAAATCTCTATCA-1,1,0
demo3,ATGCATGGTCAATACC-1,1,0
demo3,ATTCGTTCAGGTAGGT-1,1,0
demo3,CACTGAATCCACACCT-1,1,0
demo3,CCGTAGGAGATATGTG-1,1,0
demo3,CTCTCAGAGGATTGAT-1,1,0
demo3,CTGTATTGTTTCAGCA-1,1,0
demo3,GTTACTTGTGGTTCTA-1,1,0
demo3,TCAGTCCTCATTCTTG-1,1,0
demo3,TGATTTCGTATTCTGG-1,1,0
