AAACGAAAGATCGAGC-1	Ast
AAACTCGTCCTGAAAC-1	Ast
AAAGATGTCGAGGTCC-1	Ast
AAAGATGTCTCTATCA-1	Ast
AAATGAGAGGCATGCA-1	Ast
AACATCGCATTTAGGC-1	Ast
AACATCGTCCAGAATC-1	Ast
AACCTTTCAGGTTATC-1	Ast
AACCTTTGTGAGGTCA-1	Ast
AACGAGGAGTTCCAGT-1	Ast
AACGAGGCAGTCCTGG-1	Ast
AACGAGGTCTCCTTGG-1	Ast
AACGGGACAATGTGCT-1	Ast
AATGCCAAGTATGGGC-1	Ast
AATGGCTCAGTTAAAG-1	Ast
AATGGCTGTAATGTGA-1	Ast
ACAAAGACAGAAAGAG-1	Ast
ACAGAAATCCTAGAGT-1	Ast
ACAGACTGTTCCTATT-1	Ast
ACCCAAAAGCCATGGA-1	Ast
ACCCAAATCGAGGTCC-1	Ast
ACGTGGCCAGGCACAA-1	Ast
ACGTGGCGTACGGATG-1	Ast
ACGTGGCGTCCGCTTT-1	Ast
ACTAGGTAGAAATACC-1	Ast
ACTAGGTAGTTCGACT-1	Ast
ACTATTCCACAGCTTA-1	Ast
ACTGCAAGTATTCGCA-1	Ast
AGCCTGGAGAACGACC-1	Ast
AGCCTTCAGGAGAACA-1	Ast
AGCTGATAGACGTCAG-1	Ast
AGCTGTATCGCTAGTA-1	Ast
AGGCCTGAGCGAATAT-1	Ast
AGGCGAAAGTTATGAG-1	Ast
AGGCGTCAGACTCGGA-1	Ast
AGTCCGGAGGTAAGTT-1	Ast
AGTCCGGCAGATACAA-1	Ast
AGTGCCGGTTACACTG-1	Ast
AGTTACGCAAGTTCGT-1	Ast
ATATTCCAGGTAAGTT-1	Ast
CAACGGCCACGCTAAT-1	Ast
CAACGTAAGGTAAGTT-1	Ast
CAGCCTTAGGTAAGTT-1	Ast
CAGCTGGAGCCTGTAT-1	Ast
CAGCTGGCAGTAGGCA-1	Ast
CAGTGTAGTCACCCGA-1	Ast
CATAACGGTAGCGTTT-1	Ast
CATAACGGTGCCCAGT-1	Ast
CATAACGGTGTACGCC-1	Ast
CCACGTTAGCTATCCA-1	Ast
CCCACATGTGATCAGG-1	Ast
CCCTAACGTCCCGTGA-1	Ast
CCCTAACTCGAACCGC-1	Ast
CCTATTAGTGACCAGA-1	Ast
CCTTAATCAACAACTC-1	Ast
CCTTAATCAAGCCTTA-1	Ast
CCTTAATTCCTAGAGT-1	Ast
CCTTGCACAGGAGCAT-1	Ast
CGAGTTACATCGACGC-1	Ast
CGATGATGTAGGTGAC-1	Ast
CGATGATGTCCACCAG-1	Ast
CGATGATTCACAACAC-1	Ast
CGCAGGTTCCCTACGT-1	Ast
CGGACTGTCCTGGGAC-1	Ast
CGTAAACAGGTAAGTT-1	Ast
CGTTCCAAGGTAAGTT-1	Ast
CTAGGATTCAAGGCAG-1	Ast
CTAGGGCTCCGAGGAA-1	Ast
CTCAACCTCGGGTCCA-1	Ast
CTCACCACAGTAACTC-1	Ast
CTCAGAATCAGTAGTC-1	Ast
CTCATGCAGATGGCAC-1	Ast
CTCCCAAAGTTGACAA-1	Ast
CTCTCAGCAACGTCGC-1	Ast
CTGCGTTGTCGTCGCA-1	Ast
CTGCTCACATTCCCGT-1	Ast
CTGCTCATCACGATTG-1	Ast
CTGTATTAGGTAAGTT-1	Ast
CTGTATTTCTCTGAGA-1	Ast
CTTGTCGAGGACTAGC-1	Ast
GAAGTCTTCGCCGAAC-1	Ast
GACCAATGTATTCTGG-1	Ast
GAGCGCTCACAATAAG-1	Ast
GATGATCTCAAGGCAG-1	Ast
GATTAGCCATCCATAG-1	Ast
GCAACCGCAAAGCTTC-1	Ast
GCACGCAAGGCGATTG-1	Ast
GCACGCACAGATTAAG-1	Ast
GCACGCAGTCCGTGCA-1	Ast
GCCAGACAGTATAGTG-1	Ast
GCCCGAAAGGTAAGTT-1	Ast
GCCTACTAGATCTAAG-1	Ast
GCCTACTTCGAGCGCT-1	Ast
GCTCACTAGGTAAGTT-1	Ast
GGAACCCTCTTCGTTA-1	Ast
GGAACTTCAGATACAA-1	Ast
GGACACCGTATTCTCT-1	Ast
GGAGTAGTCGATCTTT-1	Ast
GGATAGGAGCGGACAT-1	Ast
GGATAGGCATGTCCCT-1	Ast
GGCACGTAGGTAAGTT-1	Ast
GGCGAAACAATTGCCA-1	Ast
GGGCCATAGCATTCCA-1	Ast
GGGTCTGGTGGACTGA-1	Ast
GGGTGTCTCATGTTCT-1	Ast
GGTGCTGCAGGCAAGT-1	Ast
GTAGTACTCGAACCGC-1	Ast
GTCACCTTCGCTAGTA-1	Ast
GTCACTCCATCCGTAA-1	Ast
GTGCCAGTCAGAACGG-1	Ast
GTGCCAGTCGCAAACT-1	Ast
GTTACTTGTGTCTACA-1	Ast
GTTATTCAGCAGTAGC-1	Ast
TAAACCGTCAAGGCAG-1	Ast
TAAGCCAAGGCCAATG-1	Ast
TAATTCCTCTCCCTTT-1	Ast
TACATGGTCGATAGCT-1	Ast
TACCCTGTCACTGATG-1	Ast
TACCTATTCACGGGTC-1	Ast
TACCTCGTCAAGGCAG-1	Ast
TACCTCGTCTTCCAGC-1	Ast
TACGCAACATACAACC-1	Ast
TAGCCCTAGCTGAAAT-1	Ast
TAGGTCAAGGTAAGTT-1	Ast
TAGGTCAGTAGCAGGT-1	Ast
TAGGTCAGTCGCTAGC-1	Ast
TATTGCTGTTGGAGGT-1	Ast
TCAAGCAGTCTCTGCT-1	Ast
TCAGTCCCAGCAACAG-1	Ast
TCCAGAAAGGTAAGTT-1	Ast
TCCAGAAAGGTACATA-1	Ast
TCCCACAAGTAGCAAT-1	Ast
TCGATTTGTCCTTATT-1	Ast
TCGGGACCATATAGAG-1	Ast
TCTAGTTTCCATAGGT-1	Ast
TCTCAGCCAATTCGTG-1	Ast
TGATGCATCTGAAAGA-1	Ast
TGCACCTCACCAAGGA-1	Ast
TGCATGACAGAGTCGA-1	Ast
TGCATTTGTTGTGACT-1	Ast
TGCTCGTGTAACCGAG-1	Ast
TGCTTCGTCACAGGGA-1	Ast
TGGGTGCAGTCGTACT-1	Ast
TGTTAGGAGAACAGGA-1	Ast
TGTTAGGGTCTCAAAC-1	Ast
TGTTAGGTCGAGCGCT-1	Ast
TGTTAGGTCGCAAACT-1	Ast
TTCGGTCGTGGGTAGT-1	Ast
TTGCGAACAAGCAGGT-1	Ast
TTGCTATCAGGCAAGT-1	Ast
TTGTTCAAGGTAAGTT-1	Ast
TTGTTCATCCACCTAC-1	Ast
TTTGTGTCAATGTGCT-1	Ast
Index-1	Cell
AACATCGGTGCATCAT-1	Deid
AACCGATTCCACCTAC-1	Deid
ACAAAGATCTTGTCGC-1	Deid
ACCAAACGTGTCTACA-1	Deid
ACCGCAGCATAGCAGG-1	Deid
ACTTTCAAGTCTCTAG-1	Deid
AGCCTTCCATTGATGC-1	Deid
AGCGATTGTGAATGGC-1	Deid
ATAGGCTCACATTGCA-1	Deid
ATCCAGATCTTGCGCT-1	Deid
ATCCTGCTCGCTAGTA-1	Deid
ATTACTCTCGGTCGAC-1	Deid
CAAAGCTCATATTGGC-1	Deid
CACCACTGTCGCTAGC-1	Deid
CACGTTCTCCATTGTT-1	Deid
CAGCTAACATGTGGGA-1	Deid
CATGCCTAGTACAGTA-1	Deid
CATTCATGTAAAGGCC-1	Deid
CCACAGGTCACAAGCT-1	Deid
CCCTAACTCGGTACTA-1	Deid
CCCTCTCTCGCGCTGA-1	Deid
CCGTGAGTCCGAATTG-1	Deid
CCTGGGAAGTGTCCCG-1	Deid
CCTTGGTAGTAACATG-1	Deid
CGTTCCATCTCTGAGA-1	Deid
CTCATGCTCTCTATTG-1	Deid
CTCCCAAAGATTCCGT-1	Deid
CTGTATTCACTCCCAT-1	Deid
CTTCCAGAGAGGTCCA-1	Deid
CTTGAAGCACCTGGTG-1	Deid
CTTGTCGGTATGGATA-1	Deid
CTTGTCGGTCCGTAGC-1	Deid
GAACCTAAGATTGACA-1	Deid
GAACCTAGTCAACTGT-1	Deid
GAAGTCTGTCTAACCA-1	Deid
GACTAACAGTTCAAGA-1	Deid
GAGGTCCCATTAAGGA-1	Deid
GATCGTAAGTCAACTC-1	Deid
GATTGACGTAACGGAC-1	Deid
GCAGCCAGTACGGATG-1	Deid
GCAGCCAGTGAGGTCA-1	Deid
GCCCAGAGTAACGGAC-1	Deid
GTGCCAGGTGACCAGA-1	Deid
TAGCTTTCAACGTCCG-1	Deid
TCACAAGGTGGGTAGT-1	Deid
TCGAGCGTCCTTCGAC-1	Deid
TCTCAGCAGGATTGCG-1	Deid
TGACAACAGTCGAAAT-1	Deid
TGAGTCACAGTAAGCG-1	Deid
TGATCAGAGTTATGAG-1	Deid
TGCCTGTCAAACCCTA-1	Deid
TGCGTAACACCTGAAT-1	Deid
TGGCAATGTGCTGTGC-1	Deid
TGGCGCAGTGGCATAG-1	Deid
TGTGTCCCACACATTG-1	Deid
TTAGCTTCAATGTGCT-1	Deid
TTATGTCTCAGTCTTT-1	Deid
TTGCAGACAGTCCTGG-1	Deid
AAACTCGAGTACGACG-1	Ex
AAACTCGCAAGGAAGA-1	Ex
AAACTGCCAAGTCTCA-1	Ex
AAACTGCGTGCGTCCA-1	Ex
AAAGATGGTAGAAGCC-1	Ex
AAAGATGTCGTTGTAG-1	Ex
AAATGAGAGACAACGC-1	Ex
AAATGAGCAGAAGTGC-1	Ex
AAATGCCTCTCCTTGG-1	Ex
AACAGTCAGACGCCAA-1	Ex
AACAGTCGTACCTATG-1	Ex
AACATCGAGGCGTAGT-1	Ex
AACCAACAGCGAGCTA-1	Ex
AACCAACCATCCCGGA-1	Ex
AACCAACGTTATAGAG-1	Ex
AACCGATAGAGGAAGT-1	Ex
AACCTGAAGAAGACTT-1	Ex
AACGAGGGTCTGGTTA-1	Ex
AACGAGGTCCAGAATC-1	Ex
AACGGGACACATATCG-1	Ex
AACGGGACACTCGGAC-1	Ex
AACGGGACACTTACAG-1	Ex
AACGGGACAGACCTGC-1	Ex
AACGGGACAGAGTCGA-1	Ex
AACGGGAGTTGGAGGT-1	Ex
AACGTACAGGAGGCGA-1	Ex
AACTGGTAGCGTTGCC-1	Ex
AACTTGGAGACACTTC-1	Ex
AACTTGGAGGCACTAG-1	Ex
AACTTGGAGGGAAATG-1	Ex
AACTTGGCAAAGGAAG-1	Ex
AACTTGGCAAGGAAGA-1	Ex
AACTTGGGTTTGTACG-1	Ex
AAGGAGCAGTCGTATC-1	Ex
AAGGAGCAGTTGCGCC-1	Ex
AAGGTTCCACACATGT-1	Ex
AAGGTTCCACACATTG-1	Ex
AAGGTTCGTGCGTTTA-1	Ex
AAGGTTCTCCTCCCAA-1	Ex
AATGGAAAGTTGGAAT-1	Ex
AATGGAACACATTGCA-1	Ex
AATGGCTAGCCATCAT-1	Ex
AATGGCTCAGCGTCGT-1	Ex
AATGTCGAGAACGCCA-1	Ex
AATGTCGAGAGATTAC-1	Ex
AATGTCGCATTGAACC-1	Ex
ACAAACCGTTCTTTCA-1	Ex
ACAAACCTCTATAGGC-1	Ex
ACAGACTCAGTTAAAG-1	Ex
ACAGCGCAGTCAGGAC-1	Ex
ACAGGCCGTCCAACCG-1	Ex
ACATGCAAGCGAGAAA-1	Ex
ACATGGTAGGGTCTGA-1	Ex
ACATGGTGTACGCAAG-1	Ex
ACATGGTGTCAACAGG-1	Ex
ACATGGTGTTGCCTGG-1	Ex
ACCGCAGAGCTGATTC-1	Ex
ACCGCAGAGTTCGCGC-1	Ex
ACCGCAGCACATTCTT-1	Ex
ACCGCAGCACCGTCTT-1	Ex
ACCGGGTAGCGGACTA-1	Ex
ACCGGGTCATGCCTTC-1	Ex
ACCTGCTAGTGCAACG-1	Ex
ACGGATTTCCTATCAT-1	Ex
ACGTTAGAGGTAAGTT-1	Ex
ACGTTAGCATTTCACT-1	Ex
ACGTTAGGTATTCGCA-1	Ex
ACTAACGCATGCGTTA-1	Ex
ACTACGACACGCGACT-1	Ex
ACTACGATCTAAGGTC-1	Ex
ACTCGGGTCCTATCAT-1	Ex
ACTGCAACATCGAGTT-1	Ex
ACTGCGGCAGGGAGTT-1	Ex
ACTGCGGGTTTCCGGG-1	Ex
AGACAAAAGGCCTCGT-1	Ex
AGACAAAAGTGCTAGG-1	Ex
AGATAGAAGATACCAA-1	Ex
AGATAGAGTTTCGTTT-1	Ex
AGATAGATCCAGCACG-1	Ex
AGATTCGCACCACAGC-1	Ex
AGATTCGGTAGTTTGC-1	Ex
AGATTCGGTGGATTTC-1	Ex
AGATTCGGTTGGAGGT-1	Ex
AGCCAGCGTATCTGCA-1	Ex
AGCCTCTGTTATGCAC-1	Ex
AGCCTCTTCAAGAGGC-1	Ex
AGCCTGGCACACACAT-1	Ex
AGCCTGGCACCACGAC-1	Ex
AGCCTGGTCCTCAAGA-1	Ex
AGCCTTCCAGATTTGC-1	Ex
AGCCTTCGTACGCCCA-1	Ex
AGCCTTCGTCATTGGT-1	Ex
AGCCTTCGTGTCTCGG-1	Ex
AGCGTATAGGAGTACC-1	Ex
AGCGTATAGTACCCAT-1	Ex
AGCGTGCAGTTCGCGC-1	Ex
AGCGTGCGTGATGCTT-1	Ex
AGCTATGTCGCAAGCC-1	Ex
AGCTGATAGCCGCTGT-1	Ex
AGCTGATAGCTATCGT-1	Ex
AGCTGATGTCTGAGCC-1	Ex
AGCTGGCAGCACGTAG-1	Ex
AGCTGGCCACTACACA-1	Ex
AGCTGGCCATGTGAGG-1	Ex
AGGACGAAGCAATGTA-1	Ex
AGGACGAGTGGCGCTT-1	Ex
AGGACGATCGAGAACG-1	Ex
AGGCCTGAGGCAATTA-1	Ex
AGGCGAAGTTTCGACA-1	Ex
AGGCGTCAGGCAAGCT-1	Ex
AGTCAACCATGGAGGT-1	Ex
AGTCAACGTGGATTTC-1	Ex
AGTCAACTCCTGGGAC-1	Ex
AGTCAACTCGCAAGCC-1	Ex
AGTCCGGAGAGCTGTG-1	Ex
AGTCCGGAGAGGAAGT-1	Ex
AGTCCGGCATCCCGGA-1	Ex
AGTCCGGCATCCCTCA-1	Ex
AGTCCGGGTACGCAAG-1	Ex
AGTCCGGGTCAACAGG-1	Ex
AGTCCGGGTTGCCTGG-1	Ex
AGTGCCGAGGGTGTTG-1	Ex
AGTGCCGGTTACGGAG-1	Ex
AGTGCGCAGGTTGTGG-1	Ex
AGTGCGCAGTGAGTTA-1	Ex
AGTGTACAGAGATTAC-1	Ex
AGTTACGCACCTGGTG-1	Ex
AGTTACGTCTCGCGGA-1	Ex
AGTTTGGCATCCCTTG-1	Ex
AGTTTGGCATGCACTA-1	Ex
AGTTTGGTCAAGGCCC-1	Ex
ATAGGCTAGTAGTCGG-1	Ex
ATAGGCTTCTGGCACG-1	Ex
ATATTCCCAACATAAG-1	Ex
ATATTCCTCGGTTGTA-1	Ex
ATCCAGAAGTCTCTAG-1	Ex
ATCCAGAGTTATGCAC-1	Ex
ATCCTCGCAAATGCTC-1	Ex
ATCGAGTAGCTGCTCG-1	Ex
ATCGAGTAGTAGGTCG-1	Ex
ATCGAGTGTCTGGGAA-1	Ex
ATCGAGTTCGTGATAC-1	Ex
ATGCATGGTCAATACC-1	Ex
ATGCATGTCCCTAAAG-1	Ex
ATGTACGAGGATGTAT-1	Ex
ATGTCTTAGAAGACTT-1	Ex
ATTACCTAGAGGAAGT-1	Ex
ATTACCTGTCTGCGCA-1	Ex
ATTACTCTCCTGTAGA-1	Ex
ATTCGTTAGATACCAA-1	Ex
ATTCGTTCAAGGACCA-1	Ex
ATTGTCTTCTTACTCA-1	Ex
ATTTGTCAGGTTAACA-1	Ex
ATTTGTCAGTCACGCC-1	Ex
CAAAGCTCAAGAGATT-1	Ex
CAAAGCTCAGGTAGCA-1	Ex
CAAAGCTTCGGATAAA-1	Ex
CAAAGCTTCGTTCCGT-1	Ex
CAACCAATCCGAATTG-1	Ex
CAACGGCCACACGGTC-1	Ex
CAACGGCGTCAACTGT-1	Ex
CAAGAAATCTGTAGAC-1	Ex
CAAGCTACACTCGGAC-1	Ex
CAAGCTACAGACCTGC-1	Ex
CAAGGCCAGACTAGCG-1	Ex
CAATCCCCACAGAAGC-1	Ex
CAATCCCGTATGGGTG-1	Ex
CACAACAAGAAATCTG-1	Ex
CACAACAGTCTGCACG-1	Ex
CACCACTCAAACAGTA-1	Ex
CACCACTGTAGACGCA-1	Ex
CACCTGTGTTTGTGAC-1	Ex
CACCTGTTCTGAGTAC-1	Ex
CACCTTGAGGGACGTT-1	Ex
CACCTTGTCCGTACGG-1	Ex
CACGTTCAGCAGAATT-1	Ex
CACGTTCAGTGAAACT-1	Ex
CACGTTCTCCCATAGA-1	Ex
CACTAAGCATCTGCAA-1	Ex
CACTGAAAGCGTTAGG-1	Ex
CACTGAATCCACACCT-1	Ex
CAGCCTTAGAGGAAGT-1	Ex
CAGCCTTGTACGGATG-1	Ex
CAGCCTTGTCCGCTTT-1	Ex
CAGCCTTTCGCCCTTA-1	Ex
CAGCTAAGTTGGACGA-1	Ex
CAGCTGGGTACTTCAG-1	Ex
CAGGATTCAACTACTG-1	Ex
CAGGATTCATCGTACA-1	Ex
CAGGGCTAGTTCCCGG-1	Ex
CAGTATGGTCAGTGCC-1	Ex
CAGTATGGTTTCGATG-1	Ex
CAGTGTAAGTCGAAAT-1	Ex
CAGTGTAGTACGACCC-1	Ex
CAGTGTAGTCCTTCAC-1	Ex
CAGTGTAGTCGATAGG-1	Ex
CATGCCTGTGTCGTCG-1	Ex
CATGTTTAGGCTTCGC-1	Ex
CATGTTTGTATTTGCG-1	Ex
CATGTTTGTCAACTGT-1	Ex
CATGTTTTCTGCCGAG-1	Ex
CATTCATGTCATAAGA-1	Ex
CATTCATTCGCCTTAC-1	Ex
CATTCCGCAGGACCTC-1	Ex
CCAATGAGTTTAAGCC-1	Ex
CCACGTTCAGTAACTC-1	Ex
CCACGTTGTGTTGTTG-1	Ex
CCAGAATGTTGCAGAG-1	Ex
CCAGAATTCGAGAAGC-1	Ex
CCAGATACAATGTGCT-1	Ex
CCATACCCAATTGCCA-1	Ex
CCATACCTCACGATTG-1	Ex
CCCACATAGCACACCC-1	Ex
CCCACATCAAGGACCA-1	Ex
CCCACATCATTTCACT-1	Ex
CCCACATGTTACTACG-1	Ex
CCCAGAGAGATGCGAC-1	Ex
CCCAGAGAGGATGTAT-1	Ex
CCCTAACTCATTGCCC-1	Ex
CCCTAACTCGAACACT-1	Ex
CCCTAGTAGTAGAAGG-1	Ex
CCCTAGTTCCATAGGT-1	Ex
CCCTCTCTCTTACCTA-1	Ex
CCCTGATAGTCGCGTC-1	Ex
CCCTGATTCCGAATTG-1	Ex
CCGAAGCGTTTGGATC-1	Ex
CCGCATTAGGCTTAAA-1	Ex
CCGCATTAGTGATATG-1	Ex
CCGCATTGTCGCTAGC-1	Ex
CCGCATTGTGAGTTGG-1	Ex
CCGCATTGTTGCTTGA-1	Ex
CCGTACTAGTAGTTCC-1	Ex
CCGTACTGTCTGTTGA-1	Ex
CCGTAGGAGATGCGCA-1	Ex
CCGTAGGCACGCCGAT-1	Ex
CCGTGAGAGAGCGGTT-1	Ex
CCGTGAGAGCGAATAT-1	Ex
CCGTGAGTCACAACAC-1	Ex
CCGTGAGTCTTATCAC-1	Ex
CCTAAAGGTACGCAAG-1	Ex
CCTAAAGGTATGTTCG-1	Ex
CCTATTACACTGTCAA-1	Ex
CCTATTAGTATGGGTG-1	Ex
CCTGCTAAGCTGAAAT-1	Ex
CCTGCTACAGATACAA-1	Ex
CCTGCTAGTAACTCCA-1	Ex
CCTGGGAAGATGGCAC-1	Ex
CCTGGGAAGTAACTCC-1	Ex
CCTTAATAGGCCTCGT-1	Ex
CCTTAATAGTACAGAT-1	Ex
CCTTAATAGTATACGA-1	Ex
CCTTGCAAGTAATGTG-1	Ex
CCTTGCAGTCACAGTT-1	Ex
CGATGATAGAGTTTGA-1	Ex
CGATGATGTCTGCGCA-1	Ex
CGATGATTCCCACTAC-1	Ex
CGCAATACACAAGGGT-1	Ex
CGCAATAGTATCATGC-1	Ex
CGCAATATCCATAGGT-1	Ex
CGCACAGGTAGACGCA-1	Ex
CGCACAGTCTAGCTGA-1	Ex
CGCAGGTAGGCATGCA-1	Ex
CGCAGGTCACAGTTAC-1	Ex
CGCAGGTTCGGTCTAA-1	Ex
CGCTAGGAGCAGGAGG-1	Ex
CGCTAGGAGTTACACC-1	Ex
CGCTAGGCAGTAGTTC-1	Ex
CGCTATCCACAATAAG-1	Ex
CGCTATCTCAGTGGTT-1	Ex
CGCTGGACAGAGTCGA-1	Ex
CGGACCACAATAGCGG-1	Ex
CGGACCATCCAACGCG-1	Ex
CGGTGCATCCTCCCAA-1	Ex
CGTAAACAGAGGAAGT-1	Ex
CGTAAACCAGCGTGAA-1	Ex
CGTAAACGTAGACACG-1	Ex
CGTAAACGTAGTCTGT-1	Ex
CGTAAACGTCTAACCA-1	Ex
CGTACAAAGGGCTTCC-1	Ex
CGTACAATCCTTTGAT-1	Ex
CGTGGCAGTTCTTTCA-1	Ex
CGTGGCATCAGTGTGT-1	Ex
CGTTCCAAGAAGACTT-1	Ex
CGTTCCATCGCCCTTA-1	Ex
CTAACTTCAGTAACTC-1	Ex
CTACAGACAACGTCGC-1	Ex
CTACTTAAGAGACTCG-1	Ex
CTACTTAAGTCGTACT-1	Ex
CTACTTAGTAACCGAG-1	Ex
CTACTTATCGGTCAGC-1	Ex
CTAGCGGCACGTACAT-1	Ex
CTAGCGGGTGCTGTGC-1	Ex
CTAGGATAGACCATAA-1	Ex
CTAGGATGTCAGTGCC-1	Ex
CTAGGATTCGGATAGG-1	Ex
CTAGGGCAGCCATCAT-1	Ex
CTCAACCCATGGATGG-1	Ex
CTCAACCTCACTACCC-1	Ex
CTCACCATCCCGTATC-1	Ex
CTCAGAACAGTAACGG-1	Ex
CTCAGCTGTTAGAGAT-1	Ex
CTCATGCAGAGAACCC-1	Ex
CTCATGCAGGAGTCTG-1	Ex
CTCCCAACAGTGCGAA-1	Ex
CTCCCAATCCAAGTCA-1	Ex
CTCTACGAGTAGTTCC-1	Ex
CTCTAGCAGAATCAAC-1	Ex
CTCTAGCGTCCGTGCA-1	Ex
CTCTCAGCAACGGACA-1	Ex
CTGAATGAGGGCGAAG-1	Ex
CTGAATGAGTTCCAGT-1	Ex
CTGCGTTGTTCTTAGG-1	Ex
CTGGGACGTACTTCAG-1	Ex
CTGGGACGTGCGTTTA-1	Ex
CTGGGACGTGCTTCCT-1	Ex
CTGGGACGTGGCATAG-1	Ex
CTGGGACGTTTCGTTT-1	Ex
CTGGGACTCTATCTCA-1	Ex
CTGTATTAGAGGAAGT-1	Ex
CTGTATTAGTGCAACG-1	Ex
CTGTATTCATCCCTCA-1	Ex
CTGTATTGTTTCAGCA-1	Ex
CTGTTCGAGGGCTTCC-1	Ex
CTGTTCGCACGCGACT-1	Ex
CTGTTCGTCCTTTGCG-1	Ex
CTTCTAAAGGCGTCCT-1	Ex
CTTCTAAAGTAGTGTA-1	Ex
CTTCTAAGTTACGAAA-1	Ex
CTTGAAGCACAGATGG-1	Ex
CTTGCTGAGTAACTCC-1	Ex
CTTGCTGCACTTGCGG-1	Ex
CTTGCTGGTTGAATAG-1	Ex
CTTGTCGCAGGATGTG-1	Ex
CTTGTCGTCGAGGCTC-1	Ex
CTTGTCGTCTCCTTGG-1	Ex
GAAACAAAGTCGATAA-1	Ex
GAAACAACAAGGAAGA-1	Ex
GAAACAACACTTGCGG-1	Ex
GAAAGTAGTAAACGTA-1	Ex
GAAAGTAGTACCGGCT-1	Ex
GAAAGTAGTTAGGAAT-1	Ex
GAAAGTATCGAACACT-1	Ex
GAACCTACAGGCATCC-1	Ex
GAACCTAGTGTTGTTG-1	Ex
GAACGTTTCAGAACGG-1	Ex
GAACTTGCACAGGTAG-1	Ex
GAACTTGCAGTAGTCT-1	Ex
GAACTTGGTGACGCAA-1	Ex
GAAGAGCTCTACTTTG-1	Ex
GAATCTGCACAGATGG-1	Ex
GAATCTGCACCTGGTG-1	Ex
GAATCTGTCCAGCACG-1	Ex
GACCCAGGTGATAACA-1	Ex
GACCCAGTCGGGAATG-1	Ex
GACCTTCCATTTAGGC-1	Ex
GACTAACAGGTTGACG-1	Ex
GACTAACCAAACGTTC-1	Ex
GACTAGTGTATTCGCA-1	Ex
GACTAGTGTCCGTGCA-1	Ex
GACTAGTGTCGATTAC-1	Ex
GACTAGTGTCGGCTGT-1	Ex
GACTAGTGTGATTCCA-1	Ex
GACTAGTTCACTAGCA-1	Ex
GAGAACGAGTCACGCC-1	Ex
GAGAACGAGTTGGAAT-1	Ex
GAGAACGCAGTTACAC-1	Ex
GAGAACGTCCATTGTT-1	Ex
GAGACTTAGAAGACTT-1	Ex
GAGACTTCACAGATGG-1	Ex
GAGACTTCACCTGGTG-1	Ex
GAGATTCAGCCATCAT-1	Ex
GAGATTCAGCGAGCTA-1	Ex
GAGATTCGTGCTTACA-1	Ex
GAGCATTCAATTCAGC-1	Ex
GAGCATTCAATTCTCT-1	Ex
GAGCATTTCGAGTTAC-1	Ex
GAGGATGCAAGTCCTA-1	Ex
GAGGATGGTAGCGAGT-1	Ex
GAGGTCCCAGGTGGTA-1	Ex
GAGGTCCCAGTAGGCA-1	Ex
GATCGTACAGACTAAA-1	Ex
GATGATCAGGTACACG-1	Ex
GATGGCCAGTTCAAGA-1	Ex
GATGGCCTCGTCGCAG-1	Ex
GATGGCCTCTGACATG-1	Ex
GATTAGCAGAGTAAGG-1	Ex
GATTAGCCATTGCGAT-1	Ex
GATTGACGTACGCAAG-1	Ex
GATTGACGTCAACAGG-1	Ex
GATTGACGTTGCCTGG-1	Ex
GCAAAGGAGGGAAGCG-1	Ex
GCAAAGGTCGGTTCCT-1	Ex
GCAACCGAGGGACGTT-1	Ex
GCAACCGTCAGGTTTG-1	Ex
GCACCTTAGAGAGTAG-1	Ex
GCACCTTAGGTACACG-1	Ex
GCACCTTGTAAGTCTC-1	Ex
GCACCTTGTGCTGTGC-1	Ex
GCACCTTTCCACTAGA-1	Ex
GCACCTTTCGTTGTAG-1	Ex
GCACGGTAGGGTTCCC-1	Ex
GCACGGTCAGTATACC-1	Ex
GCAGCCAGTCCGCTTT-1	Ex
GCAGCTGAGTCGGGAT-1	Ex
GCAGCTGGTTCTGAGT-1	Ex
GCAGCTGGTTGCTTGA-1	Ex
GCAGCTGTCCCAATAG-1	Ex
GCATGATTCGTGTGCG-1	Ex
GCATTCCCATGCGTTA-1	Ex
GCATTGAAGCCATCAT-1	Ex
GCATTGAAGTCTGCTA-1	Ex
GCATTGACACCGTCTT-1	Ex
GCATTGAGTCCCGAGT-1	Ex
GCCAGACCAACGAGGT-1	Ex
GCCAGACTCCGTTTCG-1	Ex
GCCAGCAAGGCAGTAC-1	Ex
GCCAGCATCTCTGAGA-1	Ex
GCCCAGAAGCGCGTTC-1	Ex
GCCCAGATCATTCATC-1	Ex
GCCCGAAAGAGGAAGT-1	Ex
GCCCGAAAGTACTCTG-1	Ex
GCCCGAAGTAAACCCT-1	Ex
GCCCGAAGTCAATACC-1	Ex
GCCCGAAGTCCGTAGC-1	Ex
GCCCGAAGTGCATTGT-1	Ex
GCCCGAAGTGTTGGTT-1	Ex
GCCTAGGAGTCTGGGA-1	Ex
GCCTAGGGTAACATAG-1	Ex
GCCTAGGGTTCAGTAC-1	Ex
GCGAGAACAAGTCTGT-1	Ex
GCGAGAACACAGTAGG-1	Ex
GCGAGTCAGGGAAGCG-1	Ex
GCGAGTCAGTGGACGT-1	Ex
GCGATCGAGCTATCGT-1	Ex
GCGATCGCACTCGGAC-1	Ex
GCGATCGCATGTAGAA-1	Ex
GCGATTAGTAGCGGTA-1	Ex
GCGATTAGTCATAGCT-1	Ex
GCGCATGCAATCAGGG-1	Ex
GCGCATGGTAACGGCA-1	Ex
GCGCATGGTGCTTCCT-1	Ex
GCGCCAACACCACAGC-1	Ex
GCGCCAACAGATTGTC-1	Ex
GCGGAAAGTACGTAGG-1	Ex
GCGGGTTCAGCAAACG-1	Ex
GCGGGTTTCCGCTCTA-1	Ex
GCGGGTTTCGCTTACC-1	Ex
GCGGTGTGTTCTTTGT-1	Ex
GCGGTGTGTTTCGTTT-1	Ex
GCGTAGCAGTACAGAT-1	Ex
GCGTAGCTCTTGCGCT-1	Ex
GCGTTGGCACTCAAGT-1	Ex
GCTCACTAGAGGAAGT-1	Ex
GCTCACTAGGTGTCGA-1	Ex
GCTCACTAGTACTCTG-1	Ex
GCTCAGGAGGCTTCGC-1	Ex
GCTCCTATCGATGCAT-1	Ex
GCTGAGCAGTACGACG-1	Ex
GCTGAGCGTAGTCCAT-1	Ex
GCTGAGCGTCATAGCT-1	Ex
GCTGAGCGTGTCTCGG-1	Ex
GCTGAGCGTTCTGAGT-1	Ex
GCTGAGCTCTTATCAC-1	Ex
GCTGCGAAGCGATACG-1	Ex
GCTGCGAAGTCCCTCT-1	Ex
GCTGTTCAGTGAAACT-1	Ex
GCTGTTCAGTGGGACT-1	Ex
GCTGTTCGTAAAGGCC-1	Ex
GCTGTTCGTCAAGACG-1	Ex
GCTTAAGCAACGGACA-1	Ex
GCTTAAGGTTTAAGCC-1	Ex
GGAACCCCAGGTAACG-1	Ex
GGAACCCGTAAGGTCG-1	Ex
GGAACCCGTGATAGAT-1	Ex
GGAACTTAGAGAACCC-1	Ex
GGAACTTAGAGGAAGT-1	Ex
GGAACTTAGTACTCTG-1	Ex
GGAACTTCAGGACTGA-1	Ex
GGAACTTCATCCCTCA-1	Ex
GGAACTTTCTTGGCCT-1	Ex
GGACACCGTCAGAGTG-1	Ex
GGACACCTCATAGGTC-1	Ex
GGAGGATAGTATACCC-1	Ex
GGAGGATTCACATCCC-1	Ex
GGAGTAGAGTTAGCGG-1	Ex
GGATGAGCAGAGATGC-1	Ex
GGATGAGGTCAACTAC-1	Ex
GGATGAGGTCCAAGAG-1	Ex
GGATGAGGTGTCGTCG-1	Ex
GGCACGTGTAACGGCA-1	Ex
GGCACGTGTGATAACA-1	Ex
GGCACGTGTGGATTCT-1	Ex
GGCATTACAATGCATC-1	Ex
GGCATTACACTGGGCT-1	Ex
GGCATTATCAGGTCTA-1	Ex
GGCGAAAAGCTCGGCT-1	Ex
GGCGAAATCTGATCTT-1	Ex
GGGAACAAGCGTCTGC-1	Ex
GGGAACAAGTAGACCG-1	Ex
GGGAACACAGCAACCC-1	Ex
GGGAACAGTTCTACCC-1	Ex
GGGACCTTCGAGAACG-1	Ex
GGGACCTTCGTCGCAG-1	Ex
GGGCCATCACAGTTAC-1	Ex
GGGCCATTCGCGTTCT-1	Ex
GGGTCTGCAGCAGGTA-1	Ex
GGGTCTGGTAACATAG-1	Ex
GGGTCTGGTCTGCGCA-1	Ex
GGGTGTCAGATCCGAG-1	Ex
GGGTGTCAGTGTTCCA-1	Ex
GGGTGTCGTGCAGACA-1	Ex
GGTACCGGTTTCTCTA-1	Ex
GGTAGGATCAGGAAGC-1	Ex
GGTCATAGTTCAGTAC-1	Ex
GGTCATATCGCCGAAC-1	Ex
GGTGAAGAGATATGAC-1	Ex
GGTGAAGAGATCTCAC-1	Ex
GGTGAAGGTACGCAAG-1	Ex
GGTGAAGGTCAACAGG-1	Ex
GGTGCTGAGTATGGGC-1	Ex
GGTGTCGCATCACAAC-1	Ex
GGTTGCGGTTTAGAAG-1	Ex
GTAATCGTCGGTCTCT-1	Ex
GTACTTTAGGTAGGAA-1	Ex
GTAGACTAGTGAGCTG-1	Ex
GTAGACTGTTGGTAAA-1	Ex
GTAGGAGGTAACCGAG-1	Ex
GTAGGAGGTCATAAGA-1	Ex
GTAGTACGTATATGGA-1	Ex
GTAGTACTCATTGCCC-1	Ex
GTCACCTCAGTCAGCC-1	Ex
GTCACCTGTCGAGGAT-1	Ex
GTCACGGAGATGAGGA-1	Ex
GTCACGGTCGAGGTCC-1	Ex
GTCACGGTCTCGTGAA-1	Ex
GTCACGGTCTCTATCA-1	Ex
GTCACTCGTACGGTTT-1	Ex
GTCCATCCACTACACA-1	Ex
GTCCATCTCCGAATTG-1	Ex
GTCGTAAAGCAATGTA-1	Ex
GTCGTAATCGGGATCC-1	Ex
GTCGTAATCTGGCTAA-1	Ex
GTCTACCAGAAGACTT-1	Ex
GTCTACCCAATAGCGG-1	Ex
GTCTACCTCACAACAC-1	Ex
GTCTACCTCTTATCAC-1	Ex
GTGACATAGGATTGAT-1	Ex
GTGACATAGTGTCGGA-1	Ex
GTGACATTCGTGTGCG-1	Ex
GTGATCAAGCGCGTTC-1	Ex
GTGATCAGTATTCTCT-1	Ex
GTGATCAGTTCACGTA-1	Ex
GTGATCAGTTTAAGCC-1	Ex
GTGCCAGAGCGTTGCC-1	Ex
GTGCCAGAGTGAGTGC-1	Ex
GTGCCAGCATCCCGGA-1	Ex
GTGCTGGCAACACGGA-1	Ex
GTGGATTCACTGATAC-1	Ex
GTGGCGTGTTACCCAA-1	Ex
GTGGCGTTCGCTTGAA-1	Ex
GTGTCAAGTGGTCGAA-1	Ex
GTGTCCTCAAATTCCG-1	Ex
GTGTCCTGTGCACATT-1	Ex
GTGTGATAGACCATAA-1	Ex
GTGTGATTCTATTGTC-1	Ex
GTTACGAGTCATAAGA-1	Ex
GTTACTTAGCCATCAT-1	Ex
GTTACTTCACAGTAGG-1	Ex
GTTACTTCAGAGCCAA-1	Ex
GTTACTTGTCAAACAA-1	Ex
GTTACTTGTGGTTCTA-1	Ex
GTTATGGCAACCTCCT-1	Ex
GTTATGGTCGTCTTAT-1	Ex
GTTGGGCTCTATTGTC-1	Ex
GTTGGTAAGAGACTCG-1	Ex
GTTGGTAAGTTTACGC-1	Ex
GTTGGTAGTTAGGAGC-1	Ex
TAAACCGTCCTCCTGA-1	Ex
TAACAGCAGAGTGGAA-1	Ex
TAACAGCCAGCGTCGT-1	Ex
TAACAGCTCGGTTAGT-1	Ex
TAACGGTAGCAATGTA-1	Ex
TAACGGTCACAGATGG-1	Ex
TAACGGTCACTACACA-1	Ex
TAAGCCAAGTCCTTCC-1	Ex
TAAGTGCAGTATGGGC-1	Ex
TAATCGGAGAGGAAGT-1	Ex
TAATCGGTCGGCAATT-1	Ex
TAATTCCTCGGCAATT-1	Ex
TACAGCATCGGTTCCT-1	Ex
TACAGCATCTATCTCA-1	Ex
TACATTCAGCGTTGCC-1	Ex
TACATTCGTAGAAGCC-1	Ex
TACCCTGCATCTCTCG-1	Ex
TACCCTGGTGTTAGAA-1	Ex
TACCTATTCTCCCTTT-1	Ex
TACCTCGGTCATAGAA-1	Ex
TACCTCGTCCTTTGCG-1	Ex
TACCTCGTCGATGTGT-1	Ex
TACGGATAGGGCGAAG-1	Ex
TACGGATGTACGGAGT-1	Ex
TACGGATTCGATGCAT-1	Ex
TACTAGGAGAGGTCCA-1	Ex
TACTCGCAGATACCAA-1	Ex
TACTCGCCACAGATGG-1	Ex
TACTCGCCACTACACA-1	Ex
TACTCGCGTCTCTAAG-1	Ex
TACTGCCAGTCCCGCA-1	Ex
TAGACTGAGAACGTTA-1	Ex
TAGACTGAGTAACATG-1	Ex
TAGCATGGTATGGGTG-1	Ex
TAGCATGTCTGGACAT-1	Ex
TAGCCCTCAAGCACTT-1	Ex
TAGCCCTTCCAGTACA-1	Ex
TAGCCCTTCTTACGGA-1	Ex
TAGCCGGAGTCGCCTG-1	Ex
TAGCGGCAGAGAACCC-1	Ex
TAGGTCATCGGCAATT-1	Ex
TAGGTGTGTGAATCGG-1	Ex
TAGGTGTTCACTTACT-1	Ex
TATCGAGAGAGGTGGG-1	Ex
TATCTGTCACGCGACT-1	Ex
TATCTGTGTAACTGAA-1	Ex
TATCTGTGTCAACTGT-1	Ex
TATGTGGCAGTTGGAG-1	Ex
TATGTTCAGACTAATG-1	Ex
TATTGCTCAGCGTCGT-1	Ex
TATTGCTGTAATGCCT-1	Ex
TATTGCTGTCAGACGA-1	Ex
TATTGCTGTGAGGTCA-1	Ex
TATTGCTGTTCCCAAA-1	Ex
TATTGCTGTTTAGAAG-1	Ex
TCAAGACAGAAAGGGT-1	Ex
TCAAGACTCCTCCCAA-1	Ex
TCAAGCAAGAAATCTG-1	Ex
TCAAGCAAGACTAATG-1	Ex
TCAAGCAAGTCTCCAA-1	Ex
TCAAGGTGTACCTATG-1	Ex
TCAAGGTGTGTGTGTT-1	Ex
TCACAAGAGATTAGAC-1	Ex
TCACAAGTCAGAATGA-1	Ex
TCACAGAAGCGAATAT-1	Ex
TCACAGACAACTACTG-1	Ex
TCACAGATCAAGGCAG-1	Ex
TCACAGATCTATATCC-1	Ex
TCACCACAGGCTGGAT-1	Ex
TCACTCGAGTTACACC-1	Ex
TCACTCGCATCTCACC-1	Ex
TCACTCGGTCTGAGCC-1	Ex
TCACTCGTCCCACGGA-1	Ex
TCAGCTCGTATCCTTT-1	Ex
TCAGCTCGTCGATTAC-1	Ex
TCAGCTCGTTTGACCA-1	Ex
TCAGGGCAGATGAGGA-1	Ex
TCAGGGCAGGGTAGTC-1	Ex
TCAGGTAAGGTAGGAA-1	Ex
TCAGGTACATGACTGT-1	Ex
TCAGTCCCAAGTGGCA-1	Ex
TCAGTTTTCAAGGCCC-1	Ex
TCCAGAAAGACCCTAT-1	Ex
TCCAGAAAGAGGAAGT-1	Ex
TCCAGAAAGAGGTGGG-1	Ex
TCCAGAAAGGGCTTCC-1	Ex
TCCATCGCAACTGCGC-1	Ex
TCCCACACACGGTGTC-1	Ex
TCCCACATCACCCTTG-1	Ex
TCCCACATCTTTCGAT-1	Ex
TCCGACTAGGAATGGA-1	Ex
TCCGACTTCAGTCAAC-1	Ex
TCCGACTTCATCGCCT-1	Ex
TCGAGCGAGTGTAATG-1	Ex
TCGAGCGCAATGAAAC-1	Ex
TCGATTTCACCACCAG-1	Ex
TCGCAGGCACTCGGAC-1	Ex
TCGCCTAAGAAACGCC-1	Ex
TCGCCTAAGATGGGAA-1	Ex
TCGCCTAAGGGAGTTC-1	Ex
TCGCCTAAGTACCACT-1	Ex
TCGCCTAGTTACGGAG-1	Ex
TCGGGACGTGAAACAT-1	Ex
TCGTTCGGTACCCATA-1	Ex
TCGTTCGGTATCAGCT-1	Ex
TCTAGTTCAAGAAACT-1	Ex
TCTAGTTCATAGATAG-1	Ex
TCTATTGCATGGCCCA-1	Ex
TCTCTGGTCTAGCTGA-1	Ex
TGAATCGCAAGTCTGT-1	Ex
TGAATCGCACAGTAGG-1	Ex
TGAATCGGTAAAGCTA-1	Ex
TGACAACAGAATACTG-1	Ex
TGACAACAGTTCAACC-1	Ex
TGACAACTCGAGGTCC-1	Ex
TGACAACTCTCTATCA-1	Ex
TGACTCCCACTGTCAA-1	Ex
TGACTCCGTGCAACAG-1	Ex
TGAGTCAGTTTCAGCA-1	Ex
TGATCAGCATGTATCG-1	Ex
TGATCAGTCTAAGGTC-1	Ex
TGATTTCCATAGACGG-1	Ex
TGCACCTGTAACGGTG-1	Ex
TGCATGAGTAAACGGC-1	Ex
TGCATGAGTAGCAGGT-1	Ex
TGCATGAGTCGCTAGC-1	Ex
TGCATTTGTGCCCGAT-1	Ex
TGCCTCACATGGAGGT-1	Ex
TGCCTGTTCCTGAAAC-1	Ex
TGCGTAACACAAGTGG-1	Ex
TGCGTAACACAGATGG-1	Ex
TGCGTAAGTGCAAGCA-1	Ex
TGCGTAAGTTGCAGAG-1	Ex
TGCTCACTCTCAGATG-1	Ex
TGCTCGTGTTGAATAG-1	Ex
TGCTCGTTCAGTGGTT-1	Ex
TGCTCGTTCCTAGAGT-1	Ex
TGCTTCGGTCATTGCA-1	Ex
TGCTTTAAGCAGGAGG-1	Ex
TGCTTTACAAAGAGAG-1	Ex
TGCTTTATCCACGGCA-1	Ex
TGGACATAGTCCCGCA-1	Ex
TGGACATCAGAGAGAA-1	Ex
TGGCCTTGTCTCTAAG-1	Ex
TGGCGCAAGGGAAGCG-1	Ex
TGGCGCACAAGTCCTA-1	Ex
TGGGTGCCAGTAGGCA-1	Ex
TGGGTGCTCCTCCCAA-1	Ex
TGGGTTAAGGATGTAT-1	Ex
TGGTCAAAGGCACCTC-1	Ex
TGGTCCTAGGCCTAAG-1	Ex
TGTAAGCAGATGGCAC-1	Ex
TGTACAGGTACGCCCA-1	Ex
TGTACAGGTGTCTCGG-1	Ex
TGTACAGGTTGGCGAA-1	Ex
TGTACGAGTTTGGATC-1	Ex
TGTACGATCGGTACTA-1	Ex
TGTAGCACACAGGAAC-1	Ex
TGTAGCATCTCCCTTT-1	Ex
TGTGACACATCTCTCG-1	Ex
TGTGACATCCTATCAT-1	Ex
TGTGGCGGTCTGGTCG-1	Ex
TGTGGCGGTTCCTATT-1	Ex
TGTGGCGTCAGTCACA-1	Ex
TGTGTCCCAAATGTCC-1	Ex
TGTTAGGAGAGGAAGT-1	Ex
TGTTAGGAGAGGCAGG-1	Ex
TGTTAGGCAGGTAGCA-1	Ex
TGTTAGGCATCCTGGG-1	Ex
TTAACGGAGTGCACAG-1	Ex
TTAACGGCACTTACAG-1	Ex
TTAACGGCAGAGTCGA-1	Ex
TTACCCGCAACTCGAT-1	Ex
TTACCCGTCTTCAGAG-1	Ex
TTACGGACAGCAAACG-1	Ex
TTACGGAGTACGACCC-1	Ex
TTACGGAGTACGGTTT-1	Ex
TTACGGAGTACGTATC-1	Ex
TTACGGAGTCGATAGG-1	Ex
TTACGTTCACAAACAA-1	Ex
TTACGTTCACAACGGA-1	Ex
TTACGTTCATACCCGG-1	Ex
TTACGTTTCCCGTATC-1	Ex
TTACTCACACTCCTCA-1	Ex
TTACTCACATGCTATG-1	Ex
TTACTTGTCTTATCAC-1	Ex
TTAGCGACATCGGCTG-1	Ex
TTAGCGATCGACGGAA-1	Ex
TTAGCGATCGATAGGG-1	Ex
TTAGCTTGTCAGAAAT-1	Ex
TTAGCTTGTGCAGACA-1	Ex
TTAGGTGCATTCACGA-1	Ex
TTATGTCGTAGTCCAT-1	Ex
TTCAACTAGGTGAACC-1	Ex
TTCAACTCAACAAACA-1	Ex
TTCATCAGTCTGGTTA-1	Ex
TTCATCAGTTCATTTC-1	Ex
TTCATTGAGATTCCGT-1	Ex
TTCATTGTCCTTTGCG-1	Ex
TTCGATTGTATACGCT-1	Ex
TTCGCGTGTGTCCCAG-1	Ex
TTCGCGTGTTACGGAG-1	Ex
TTCGCGTTCAGTCAAC-1	Ex
TTCGCGTTCATCGCCT-1	Ex
TTCGCGTTCCAAGTCA-1	Ex
TTCGTTAAGGCCTAAG-1	Ex
TTCGTTAGTTGCAGAG-1	Ex
TTCGTTATCTCAGATG-1	Ex
TTCTAACCAAGGACCA-1	Ex
TTCTGTACACCGTTGG-1	Ex
TTCTGTAGTAAGCCTT-1	Ex
TTGACGAAGTTTGGAA-1	Ex
TTGACGAGTATGCTAC-1	Ex
TTGAGTGTCATTGCCC-1	Ex
TTGCAGAGTTATGCAC-1	Ex
TTGCCCACACACATTG-1	Ex
TTGCCCAGTCTGAGCC-1	Ex
TTGCGAACATTACTCT-1	Ex
TTGCGAATCCCAGCAG-1	Ex
TTGCGAATCGTCAACA-1	Ex
TTGCGAATCTTCGTTA-1	Ex
TTGCGGGTCAGTACAC-1	Ex
TTGCTATTCGTTCCGT-1	Ex
TTGCTTATCTTGTCAT-1	Ex
TTGGTCCTCGCGATGC-1	Ex
TTGTCTAAGTGATTAG-1	Ex
TTGTCTACAGTAGTTC-1	Ex
TTGTCTATCCTAAGTG-1	Ex
TTGTTCACAAGGACCA-1	Ex
TTGTTCATCCTATCAT-1	Ex
TTGTTGTGTTCCCAAA-1	Ex
TTTACGTTCTCTGCAC-1	Ex
TTTGCGCCAAACCTAC-1	Ex
TTTGCGCCAACTTGGT-1	Ex
TTTGCGCCACAAACGG-1	Ex
TTTGCGCCACTCCTCA-1	Ex
TTTGCGCCATTATGGC-1	Ex
TTTGGCCGTCACATTG-1	Ex
TTTGGTTAGGCTGGAT-1	Ex
TTTGGTTCACAGAAGC-1	Ex
TTTGGTTCAGGCATCC-1	Ex
TTTGGTTGTCTGTGTA-1	Ex
TTTGTGTTCACTGGTA-1	Ex
AAACGAAAGAACCCGA-1	In
AAACTGCCACGGTGTC-1	In
AAAGATGCACTTATGG-1	In
AAATGAGCAGAACAGC-1	In
AAATGAGTCGCACCTT-1	In
AAATGCCTCAGCCGAC-1	In
AACAGTCTCCCAGCGA-1	In
AACCAACGTCCCGAGT-1	In
AACCGATTCGACTCGG-1	In
AACCTGAAGGTGAACC-1	In
AACCTTTAGAATAGTC-1	In
AACGGGAGTGAAACAT-1	In
AACGGGAGTGCACATT-1	In
AACTGGTCATTAAGGA-1	In
AACTGGTTCAAAGTAG-1	In
AACTGTGGTCAATACC-1	In
AAGGTTCAGAGAAGCA-1	In
AAGGTTCAGGCATGCA-1	In
AATACGCGTAACCCAT-1	In
AATGCCAGTTAACTCG-1	In
AATGCCAGTTGGGAAC-1	In
AATGGAAGTCCATTGA-1	In
AATGTCGAGGTGATGC-1	In
ACAAACCCAACTCGTA-1	In
ACAAAGAAGGGAGATA-1	In
ACAAAGACAAGGTCGA-1	In
ACAAAGAGTGAATGGC-1	In
ACAAGCTAGCCGCTGT-1	In
ACAAGCTAGTCGACCC-1	In
ACAGAAAAGGTTAGTA-1	In
ACAGAAACACTTTGGA-1	In
ACAGACTGTGAGAGTC-1	In
ACAGCGCCAAGACTTC-1	In
ACAGCGCGTAACTCCA-1	In
ACCAAACCAACAACTC-1	In
ACCAAACCACTCGGAC-1	In
ACCAAACCATGTAGAA-1	In
ACCATCCGTTAACCGT-1	In
ACCATCCGTTAAGGGC-1	In
ACCGCAGCAACTCGAT-1	In
ACCGCAGCATACCCGG-1	In
ACCGGGTCATGGTAAA-1	In
ACCTGCTTCCCGAAGC-1	In
ACTACCCAGGATTTGA-1	In
ACTACGACATTCACGA-1	In
ACTACGATCCGCTCTA-1	In
ACTATTCCAACACGGA-1	In
ACTGCAAAGGTTAGTA-1	In
ACTGCAACATGGCCGT-1	In
ACTGCGGCAGCCGAAA-1	In
AGACAAATCGTTACAG-1	In
AGATTCGTCTAGCAGT-1	In
AGATTCGTCTATCTAC-1	In
AGCCAGCAGAGAGTTT-1	In
AGCCCGATCCCATAGA-1	In
AGCCTCTCATAGACGG-1	In
AGCCTGGTCGTGGGTC-1	In
AGCCTGGTCTATGAGC-1	In
AGCGTGCGTAGCGAGT-1	In
AGCTATGGTAGATTAG-1	In
AGCTGATAGAGATTAC-1	In
AGCTGGCTCCACGCTT-1	In
AGCTGTACAGCAATGG-1	In
AGGACGACACTGCTCT-1	In
AGTCCGGCAGATTTGC-1	In
AGTCCGGTCTTCCGTG-1	In
AGTGCGCCAAGTTCGT-1	In
AGTGTACGTACCGGCT-1	In
AGTGTACTCCCATAGA-1	In
AGTTACGTCATTGCCC-1	In
AGTTTGGTCTCTTAAC-1	In
ATATTCCAGCGCATTT-1	In
ATCCAGACACATCATG-1	In
ATCCTCGTCAGTCAAC-1	In
ATCCTCGTCATCGCCT-1	In
ATGCATGAGAAGCCTG-1	In
ATGTACGCACATTCTT-1	In
ATGTACGGTACAACGG-1	In
ATGTCTTTCATGCTTT-1	In
ATGTCTTTCCAGAATC-1	In
ATTACCTTCCTTTGAT-1	In
ATTACTCCAACACGGA-1	In
ATTGTCTGTTATAGAG-1	In
ATTGTGGCAGACTAAA-1	In
ATTTGTCCAACTCAAC-1	In
CAAAGCTAGGAAACTT-1	In
CAAAGCTGTCCCTAAA-1	In
CAACCAATCGCAACTA-1	In
CAACGGCCATCAGCTA-1	In
CAACGGCGTCAGTGTT-1	In
CAAGAAAAGTAGGTCG-1	In
CAAGCTAGTTGCCGCA-1	In
CAAGGCCAGGAAGGTA-1	In
CAAGGCCTCCGATTGA-1	In
CAATCCCTCTCTGAGA-1	In
CACAGATGTCTGTGTA-1	In
CACAGATTCGGGACAA-1	In
CACCTGTTCGTGGTAT-1	In
CACTAAGTCGCAACTA-1	In
CACTGAAGTAGCGAGT-1	In
CACTGAAGTCAGTGCC-1	In
CAGGATTAGGCAGTAC-1	In
CAGGATTTCGTGGCGT-1	In
CAGGGCTAGACGTCAG-1	In
CAGGGCTCAGGCAGAT-1	In
CAGGGCTCATTAGCCA-1	In
CAGTGTATCCTCTCTT-1	In
CATAACGCACCCATCT-1	In
CATGTTTAGTGTCACT-1	In
CATGTTTCACTCCCAT-1	In
CATTCATGTAGGTAAT-1	In
CATTCATGTGAATCAA-1	In
CATTCATTCCCAGTAA-1	In
CCACGTTTCCAATAGC-1	In
CCAGAATGTATCACAC-1	In
CCAGATACACTCGGAC-1	In
CCATACCAGAGAGTTT-1	In
CCATACCAGTAGAAGG-1	In
CCCAGAGCAATGTGTC-1	In
CCCAGAGCATGGAGGT-1	In
CCCTAACTCTCGACAA-1	In
CCGCATTTCGGTCAGC-1	In
CCTATTACATGGCCCA-1	In
CCTGCTACATCAGCTA-1	In
CGAGTTAGTATCGCGC-1	In
CGCAATATCTCTGACC-1	In
CGCGCAAAGTCGAAAT-1	In
CGCTAGGTCGGTCAGC-1	In
CGCTGGAAGGTTACAA-1	In
CGTAAACAGAAATCTG-1	In
CGTAAACGTGGTACTT-1	In
CGTACAACACTCGTGG-1	In
CGTTCCACAATGGCAG-1	In
CTACTTAAGCTTTCCC-1	In
CTACTTACAGCGTGAA-1	In
CTACTTAGTCCGTCGA-1	In
CTAGCGGAGGCAAGGG-1	In
CTAGCGGCAATGTAAG-1	In
CTAGCGGGTACATGGG-1	In
CTAGGGCGTACTATGC-1	In
CTCAGAACATGGTAAA-1	In
CTCCCAAAGAAATACC-1	In
CTCGCTACAATAGTGA-1	In
CTCGCTATCCGTCAAA-1	In
CTCTACGGTGGATTCT-1	In
CTCTAGCCAACCTCCT-1	In
CTCTAGCCATCTCACC-1	In
CTCTCAGCAATGAAAC-1	In
CTCTCAGGTAACGGCA-1	In
CTGAATGGTTGTGAGG-1	In
CTGCTCACATCGTACA-1	In
CTGGCAGTCCAGGTAT-1	In
CTGGGACGTAACACTC-1	In
CTGTTCGCATTCACGA-1	In
CTTAATCCAAAGGTCG-1	In
CTTAATCGTACGTAGG-1	In
GAAACAAAGCTGAGGT-1	In
GAAAGTACAAATGTCC-1	In
GAAAGTACAAGGATGC-1	In
GAAATGAGTGTCCCAG-1	In
GAACCGCCATGTATCG-1	In
GAACCTAAGCAGAGCT-1	In
GAACCTAAGTCTCTAG-1	In
GAACCTACAAGCTTTG-1	In
GAACCTACAGGCACAA-1	In
GAACCTATCAAGTTGC-1	In
GAACTTGAGTTCTCCC-1	In
GAACTTGCAGGTTATC-1	In
GAAGAGCCAGCAATGG-1	In
GAAGAGCGTAAGCCTT-1	In
GAAGAGCTCCATTGAG-1	In
GACCAATAGTAGGTCG-1	In
GACCCAGGTATCACAC-1	In
GACCCAGGTTAACCAC-1	In
GACCTTCCAAGGTCGA-1	In
GACTAGTCATTCACCC-1	In
GAGACTTTCCAATAGC-1	In
GAGGCTCCAGTGCGTC-1	In
GAGGTCCGTACAACGG-1	In
GAGGTCCTCTCTGCAC-1	In
GATGGCCGTTTCTTAC-1	In
GATTAGCGTGTAGGAC-1	In
GATTGACAGGAAGGTA-1	In
GATTGACCATCATGTG-1	In
GCAACCGGTCAACAGG-1	In
GCAACCGGTTCTACCC-1	In
GCAACCGTCGAACCGC-1	In
GCACCTTGTCTCAAAC-1	In
GCACGCACAATTGGCT-1	In
GCACGGTAGCGCCTAC-1	In
GCACGGTGTTTGCGAT-1	In
GCATGATCAAGAGCGT-1	In
GCATGATCACGCGACT-1	In
GCATTGACAAATTGAG-1	In
GCCAGACCAGTAACGG-1	In
GCCAGACTCAAATGGA-1	In
GCCATAAGTCCCTAAA-1	In
GCCCGAAAGAGAACCC-1	In
GCCTACTTCTGGCGCA-1	In
GCCTAGGAGGGTATCG-1	In
GCCTAGGTCGTGAGTT-1	In
GCGATCGCAAGCGACA-1	In
GCGATCGCACGCGATC-1	In
GCGATTAAGATGTTGA-1	In
GCGATTATCAGCACGC-1	In
GCTCACTTCATTGCCC-1	In
GCTCAGGTCTATATCC-1	In
GCTGTTCTCAGGCCGT-1	In
GCTTAAGGTAGAAAGG-1	In
GCTTTCGAGCTATCCA-1	In
GCTTTCGTCGAACCGC-1	In
GGAACTTTCGCCAGAC-1	In
GGACACCGTCGTCGCA-1	In
GGACACCTCGCGGCAT-1	In
GGAGTAGCAGAACGAC-1	In
GGATAGGAGTCGCCTG-1	In
GGATGAGCACCGTTGG-1	In
GGGAACAAGTCAGGAC-1	In
GGGAACAGTGTTTCTT-1	In
GGGCCATAGACAGCTG-1	In
GGGCCATCAATCAGGG-1	In
GGGTTATCACACACCG-1	In
GGTAGGATCTATCTTG-1	In
GTAATCGGTAAACCCT-1	In
GTCACGGAGAAATCTG-1	In
GTCACGGTCTAAGGTC-1	In
GTCCATCGTAGAATAC-1	In
GTCCATCTCGCAACTA-1	In
GTCCATCTCTTTGCAT-1	In
GTGACATAGACAGCTG-1	In
GTGACATCACAATAAG-1	In
GTGGATTAGAGCAGCT-1	In
GTGGATTGTGGATTCT-1	In
GTGGATTTCGCTACCT-1	In
GTGGCGTCATGCACTA-1	In
GTGTCCTAGCGAGAAA-1	In
GTGTCCTAGTCCGGAA-1	In
GTGTGATGTTCCAGTA-1	In
GTTACTTCATTACACG-1	In
GTTACTTTCGCACCGA-1	In
GTTATGGGTTTCTCTA-1	In
GTTGGGCCAGGCACAA-1	In
GTTGGGCGTCTGAGCC-1	In
GTTGGGCGTGGTAGAC-1	In
GTTGGGCGTTTGTCTT-1	In
TAACAGCAGGAAACTT-1	In
TAACGGTCACCTGGTG-1	In
TAACGGTCATACTGCA-1	In
TAACGGTTCGCAACTA-1	In
TAACTTCGTTCCCTTG-1	In
TAAGCCAAGAGCTCCC-1	In
TAAGTGCAGACACAAT-1	In
TACAGCATCATCATGG-1	In
TACATGGCATGGGACA-1	In
TACATTCTCGATAGCT-1	In
TACCCTGCAATAGTGA-1	In
TACCCTGTCTATTTCG-1	In
TACCTCGTCCGCTCTA-1	In
TACTAGGAGAACGTCG-1	In
TAGACTGGTTTGACCA-1	In
TAGCACAGTTTGATCG-1	In
TAGCCGGAGAGATTAC-1	In
TAGCCGGTCTGGGCGT-1	In
TAGGTGTAGCCTTTGA-1	In
TAGGTGTCACAGTAGG-1	In
TAGGTGTCATTAGCAC-1	In
TATCTGTCATTCACGA-1	In
TATCTGTGTGTGACCC-1	In
TCAATTCAGAACGTCG-1	In
TCACAGACAATTCGTG-1	In
TCACCTGCAAGCCCTG-1	In
TCAGGTATCGAGGTCC-1	In
TCAGTCCGTAATGCAA-1	In
TCAGTCCTCATTCTTG-1	In
TCAGTTTTCTCTTAAC-1	In
TCCAGAACATTCACCC-1	In
TCGAGCGAGTAGCAAT-1	In
TCTATTGAGTGGTGTG-1	In
TGACAACTCGTGCTGG-1	In
TGACTCCAGATGTTCC-1	In
TGACTCCAGCAGTAGC-1	In
TGACTCCTCAGGAATA-1	In
TGAGCCGCAGTGGTCC-1	In
TGAGTCAGTTTGTACG-1	In
TGAGTCATCCAAGAGG-1	In
TGATCAGCAAGCGGTA-1	In
TGATCAGTCCGCTCTA-1	In
TGATTTCCAATGATGA-1	In
TGATTTCGTGCGCTCA-1	In
TGCATGACATAGCCGC-1	In
TGCCTCAGTGTAGGAC-1	In
TGCCTGTTCCATCATT-1	In
TGCTATTTCAGTTGAC-1	In
TGCTCGTCAACTACTG-1	In
TGCTTCGAGTCAGCCC-1	In
TGCTTCGCAAGCCAGA-1	In
TGCTTCGCAGGGAGTT-1	In
TGCTTCGGTAGGGTTG-1	In
TGCTTTACACCTGAAT-1	In
TGCTTTATCCACCTAC-1	In
TGGAAGGGTCATTGCA-1	In
TGGTCAACAAACAGTA-1	In
TGTAAGCGTGCGTAGA-1	In
TGTGACACAGTTACAC-1	In
TGTGTCCCAATGAAAC-1	In
TGTTAGGAGTACCTCA-1	In
TTACGTTGTCTGTGTA-1	In
TTACTCAGTTTGAAGA-1	In
TTATGTCGTTACACTG-1	In
TTCAACTCACAAACGG-1	In
TTCAACTTCGAGGCTC-1	In
TTCATCACAACATAAG-1	In
TTCATTGAGGCTGGAT-1	In
TTCGATTGTCTGCACG-1	In
TTCGCGTCATTCCCGT-1	In
TTCTAACAGTAGAAGG-1	In
TTCTGTAGTAAAGGCC-1	In
TTGAGCATCACTGGTA-1	In
TTGCGAATCCGTGCGA-1	In
TTGCTATCAAGTCCTA-1	In
TTGCTATCATCCGTGG-1	In
TTGCTTATCTTGGCCT-1	In
TTGTTCAAGGCAGTAC-1	In
TTTACGTGTTCCAGTA-1	In
TTTGAGGCAGTTAAAG-1	In
TTTGGCCCATCCCTCA-1	In
TTTGGCCGTCCCTAAA-1	In
AAACTGCCAATGTAAG-1	Microglia
AACAGTCTCAGAACGG-1	Microglia
AAGATAGAGCAGGACT-1	Microglia
ACAATCGTCGCAGATT-1	Microglia
ACCATCCAGACAGCTG-1	Microglia
ACTATTCGTGCATTCA-1	Microglia
AGACAAAGTACTTCGA-1	Microglia
AGACAAAGTTGTGACT-1	Microglia
AGATTCGAGCTGGAGT-1	Microglia
AGCCTGGCACTCGTGG-1	Microglia
AGCGATTCATTTCTTG-1	Microglia
AGCTGATTCAAGAGGC-1	Microglia
ATATTCCCATCGGCTG-1	Microglia
ATCCTCGCACCTCGTT-1	Microglia
CACGTTCCATCGACGC-1	Microglia
CCACGTTGTACTATGC-1	Microglia
CTCAGAAGTGCTTGAT-1	Microglia
CTCCCAAGTAGGTAAT-1	Microglia
CTTTGCGGTGACGCAA-1	Microglia
GAGACTTTCCTCTCTT-1	Microglia
GAGCGCTCAGCCACGT-1	Microglia
GATCATGGTGCCAAGA-1	Microglia
GCAGATTAGGTCTTGT-1	Microglia
GCGATTACAACGCAAG-1	Microglia
GCGGAAAGTCCGTAGC-1	Microglia
GGATGAGGTATTTGCG-1	Microglia
GGTTGCGAGGAGAACA-1	Microglia
GTACTTTAGAGCAGCT-1	Microglia
GTCACAATCGGGATCC-1	Microglia
GTGGATTAGGCTGGAT-1	Microglia
GTGGATTAGTGCACAG-1	Microglia
TACCTATGTGCCAAGA-1	Microglia
TACTCGCGTACGCAAG-1	Microglia
TACTCGCGTCAACAGG-1	Microglia
TACTCGCGTTGCCTGG-1	Microglia
TAGCGGCTCGGATAAA-1	Microglia
TCACCTGCAACGACAG-1	Microglia
TCGAGCGAGCTAGTTC-1	Microglia
TCGCCTATCCTAAGTG-1	Microglia
TCGTTCGGTCATTGCA-1	Microglia
TGCGTAAAGTACGACG-1	Microglia
TTACCCGCAATGATGA-1	Microglia
TTGCCCACATCTCTCG-1	Microglia
TTGTTGTGTGGGTAGT-1	Microglia
AAACGAAAGACTTGAA-1	Oligo
AAACGAAGTTCTGAGT-1	Oligo
AAACTCGCAGCTATAC-1	Oligo
AAACTCGTCGTGAGTT-1	Oligo
AAACTGCTCGGACGAA-1	Oligo
AAACTGCTCTTATCAC-1	Oligo
AAAGATGGTCTTAGCA-1	Oligo
AAAGATGGTGGACCAA-1	Oligo
AAAGATGTCTCGTGAA-1	Oligo
AAAGGATGTGGTGGTA-1	Oligo
AAAGGATTCCTCATTA-1	Oligo
AAAGGGCGTTAGCTCA-1	Oligo
AAATGAGAGCGCCTAC-1	Oligo
AAATGAGAGTGAAACT-1	Oligo
AAATGAGCAGGATGTG-1	Oligo
AAATGAGGTACCAAGG-1	Oligo
AAATGAGTCTCCAACC-1	Oligo
AAATGCCCAAGGGTAC-1	Oligo
AAATGCCTCGGCATAT-1	Oligo
AACAAAGAGGCGATTG-1	Oligo
AACAAAGGTGAGGGTT-1	Oligo
AACAGTCCAGTAAGCG-1	Oligo
AACATCGCAGCAATGG-1	Oligo
AACCAACAGCAATAAC-1	Oligo
AACCAACCACAGATGG-1	Oligo
AACCAACGTAAGTGCG-1	Oligo
AACCTGAAGATCTAAG-1	Oligo
AACCTGAGTTTAGACC-1	Oligo
AACCTTTAGACAGCTG-1	Oligo
AACCTTTAGAGAGTAG-1	Oligo
AACCTTTGTGCGTAGA-1	Oligo
AACGAGGGTCTGATTG-1	Oligo
AACGGGAGTGAGTTGG-1	Oligo
AACGTACTCCGCTCTA-1	Oligo
AACGTACTCGATAGTC-1	Oligo
AACTGGTCAAACCCTA-1	Oligo
AACTGGTCAGAACAGC-1	Oligo
AACTGGTGTGCCCGAT-1	Oligo
AACTGGTGTTGAATAG-1	Oligo
AACTGTGGTTCCCAAA-1	Oligo
AACTGTGTCTCTTCCT-1	Oligo
AAGGAGCTCAATTCCT-1	Oligo
AAGGAGCTCCTCATTA-1	Oligo
AAGGTTCAGCTACGTT-1	Oligo
AAGGTTCCAGCTATAC-1	Oligo
AATGCCAGTTGAAGCG-1	Oligo
AATGCCATCAGGTCTA-1	Oligo
AATGCCATCTACCCGT-1	Oligo
AATGGAATCGCTACCT-1	Oligo
AATGGCTAGACTTCCA-1	Oligo
AATGGCTTCTCGGCGA-1	Oligo
ACAAACCTCACTAGGT-1	Oligo
ACAAAGACAGAGATGC-1	Oligo
ACAAGCTCAGATGGCA-1	Oligo
ACAAGCTCATGCTATG-1	Oligo
ACAAGCTCATGGTTTG-1	Oligo
ACAGACTAGGAGTACC-1	Oligo
ACAGACTGTCTAACCA-1	Oligo
ACAGGCCAGCCATTCA-1	Oligo
ACAGGCCCAGATACAA-1	Oligo
ACATGCAAGGGCGAAG-1	Oligo
ACATGGTAGAATGCTA-1	Oligo
ACATGGTCACCTGGTG-1	Oligo
ACATGGTGTATTGTCG-1	Oligo
ACATGGTTCCTGTAGA-1	Oligo
ACCAAACGTTTGAAGA-1	Oligo
ACCATCCAGAGCTGTG-1	Oligo
ACCATCCCAATGGTAA-1	Oligo
ACCATCCTCGGGACAA-1	Oligo
ACCATCCTCTTCCACG-1	Oligo
ACCCAAATCCGATTGA-1	Oligo
ACCGAATTCGAAGCCC-1	Oligo
ACCGCAGAGTCGTACT-1	Oligo
ACCGCAGTCCCGGGTA-1	Oligo
ACCGGGTGTTTGTACG-1	Oligo
ACCGGGTTCTTGGCCT-1	Oligo
ACCTGCTGTCATGAGG-1	Oligo
ACCTGCTTCACAACAC-1	Oligo
ACGGATTTCTACCCGT-1	Oligo
ACGTTAGCATCGACGC-1	Oligo
ACTAACGCACTCGTGG-1	Oligo
ACTAACGGTATATGGA-1	Oligo
ACTAACGTCCTAAGTG-1	Oligo
ACTACCCGTGGATTCT-1	Oligo
ACTACCCTCTTCCGTG-1	Oligo
ACTATTCCAGGCTACC-1	Oligo
ACTATTCGTAGTATCC-1	Oligo
ACTATTCTCGAGAACG-1	Oligo
ACTCGGGAGAGGAAGT-1	Oligo
ACTCGGGAGATGCGCA-1	Oligo
ACTGCAAAGGTACACG-1	Oligo
ACTGCGGGTGGACGAT-1	Oligo
ACTGTCCCAGTTGGAG-1	Oligo
ACTTCCGAGTACCCAT-1	Oligo
ACTTCCGCAACGGGTA-1	Oligo
ACTTCCGCACTGTAAC-1	Oligo
ACTTCCGTCAGCGGTC-1	Oligo
ACTTTCAAGTCAACTC-1	Oligo
AGACAAACAACTCGTA-1	Oligo
AGACAAACATGCTATG-1	Oligo
AGACAAATCGACTTAG-1	Oligo
AGATAGACAGTAAGAT-1	Oligo
AGATAGATCCCACTTG-1	Oligo
AGCCAGCCACTCGTGG-1	Oligo
AGCCGCATCAAAGTAG-1	Oligo
AGCCGCATCGCTCGGA-1	Oligo
AGCCTCTGTATTCTGG-1	Oligo
AGCCTCTGTGAGGGTT-1	Oligo
AGCCTCTTCAATTCCT-1	Oligo
AGCCTCTTCACGATTG-1	Oligo
AGCCTGGTCCCGAAGC-1	Oligo
AGCCTTCCAGTTACAC-1	Oligo
AGCGATTAGCGTGTTT-1	Oligo
AGCGATTTCAGATACC-1	Oligo
AGCGTATAGACTAGCG-1	Oligo
AGCGTATGTATCTAGC-1	Oligo
AGCGTATTCCGGGCAT-1	Oligo
AGCGTGCCAGCCACGT-1	Oligo
AGCTATGAGATTACGA-1	Oligo
AGCTATGAGGCTCCTG-1	Oligo
AGCTATGCAAACAGTA-1	Oligo
AGCTGATTCCAACCTC-1	Oligo
AGCTGGCCAAGCGACA-1	Oligo
AGCTGGCTCCAGCACG-1	Oligo
AGCTGTATCGATTACG-1	Oligo
AGGACGAAGGCTTTAC-1	Oligo
AGGACGACAAACCTAC-1	Oligo
AGGACGATCCCAGTAA-1	Oligo
AGGCCCAAGACAGTGC-1	Oligo
AGGCCCATCGTGGGTC-1	Oligo
AGGCCCATCTATGAGC-1	Oligo
AGGCCTGGTATTCTGG-1	Oligo
AGGCCTGGTCCAAGTT-1	Oligo
AGGCGTCCAAGACACG-1	Oligo
AGGCGTCGTGGTGGTA-1	Oligo
AGTCAACAGACACAAT-1	Oligo
AGTCAACTCACTGATG-1	Oligo
AGTCAACTCCGTCAAA-1	Oligo
AGTCCGGCACGGCCAT-1	Oligo
AGTCCGGGTCTAACCA-1	Oligo
AGTGCCGAGGTTGACG-1	Oligo
AGTGTACAGTGTTCCA-1	Oligo
AGTGTACCATCGAGTT-1	Oligo
AGTTTGGCAAGACTAA-1	Oligo
AGTTTGGGTTGCCGCA-1	Oligo
ATAGGCTCAAGCCCTG-1	Oligo
ATAGGCTGTTAACTCG-1	Oligo
ATAGGCTTCACTACCC-1	Oligo
ATAGTCGAGCGTTAGG-1	Oligo
ATAGTCGAGTCGTATC-1	Oligo
ATAGTCGAGTTCAGGG-1	Oligo
ATAGTCGCAATTCGTG-1	Oligo
ATAGTCGTCCATATCT-1	Oligo
ATAGTCGTCGAAGCCC-1	Oligo
ATCCAGAAGCGCATTT-1	Oligo
ATCCAGAGTGACGCAA-1	Oligo
ATCCCTGAGGTTGTGG-1	Oligo
ATCCCTGGTCATTGGT-1	Oligo
ATCCTCGTCAGCCGGT-1	Oligo
ATCCTCGTCCATGACA-1	Oligo
ATGCATGCAATCACTG-1	Oligo
ATGCATGTCCATGACA-1	Oligo
ATGCATGTCTGGACAT-1	Oligo
ATGTACGTCGCAAGCC-1	Oligo
ATGTCTTGTGGAAAGA-1	Oligo
ATGTCTTGTTAGCTCA-1	Oligo
ATGTCTTGTTGGAGGT-1	Oligo
ATGTTTCAGAAATGGG-1	Oligo
ATGTTTCCATCCCTTG-1	Oligo
ATTCGTTCAGGTAGGT-1	Oligo
ATTGTCTAGGATCCTT-1	Oligo
ATTGTGGGTTTAGGAA-1	Oligo
ATTTGTCCATCCCGGA-1	Oligo
CAACCAAAGATATGTG-1	Oligo
CAACCAACAGAGAGAA-1	Oligo
CAACGGCAGAAATCTG-1	Oligo
CAACGGCCAAGGGTAC-1	Oligo
CAACGGCCACCCATCT-1	Oligo
CAACGGCCACGCGATC-1	Oligo
CAACGGCCACTTGCGG-1	Oligo
CAACGGCCATCGGCCA-1	Oligo
CAACGGCGTACGACCC-1	Oligo
CAACGGCGTCTGGTCG-1	Oligo
CAACGTACACCCTTAC-1	Oligo
CAACGTAGTAACTCCA-1	Oligo
CAACGTATCGTGATAC-1	Oligo
CAAGAAACAGGTCCTG-1	Oligo
CAAGAAATCTTGGCCT-1	Oligo
CAAGCTATCCTTTGCG-1	Oligo
CAATCCCAGGTTGTGG-1	Oligo
CACAACAAGGTCTTGT-1	Oligo
CACAGATAGACTTCCA-1	Oligo
CACAGATGTCCCTTTG-1	Oligo
CACATGAAGAAGCCTG-1	Oligo
CACATGAGTACAAATG-1	Oligo
CACATGAGTGACCAGA-1	Oligo
CACCACTGTACTTCGA-1	Oligo
CACCACTGTCACAGGA-1	Oligo
CACCTGTAGTCGCGTC-1	Oligo
CACCTGTCACACTAGT-1	Oligo
CACCTGTGTTTCTCTA-1	Oligo
CACCTGTTCTCGACAA-1	Oligo
CACCTTGCACCGTTGG-1	Oligo
CACCTTGCATATTGGC-1	Oligo
CACCTTGCATCCATAG-1	Oligo
CACTAAGAGATTGACA-1	Oligo
CACTAAGAGTCGAAAT-1	Oligo
CAGCCTTCAACAACTC-1	Oligo
CAGCCTTCACGGCCAT-1	Oligo
CAGCTAACAAGAGCGT-1	Oligo
CAGCTAACACGTTACA-1	Oligo
CAGCTAAGTAGCGAGT-1	Oligo
CAGCTAAGTGCTAGTT-1	Oligo
CAGCTGGAGTGCTAGG-1	Oligo
CAGCTGGCAACGAGGT-1	Oligo
CAGCTGGTCGGGCTCA-1	Oligo
CAGGATTCATCCCTCA-1	Oligo
CAGGGCTGTAACGGCA-1	Oligo
CAGGGCTTCCATCATT-1	Oligo
CAGTATGCATTAGCAC-1	Oligo
CAGTATGTCCTGAAAC-1	Oligo
CAGTGCGAGCAATGTA-1	Oligo
CAGTGTACACCCTTAC-1	Oligo
CAGTGTAGTCGATTAC-1	Oligo
CAGTGTAGTTCTGATG-1	Oligo
CAGTGTAGTTGGGAAC-1	Oligo
CAGTGTATCGGCAATT-1	Oligo
CATGCCTCAAGCGGTA-1	Oligo
CATGTTTGTTCTCGAA-1	Oligo
CATTCCGCACGCCGAT-1	Oligo
CATTCCGGTACGGATG-1	Oligo
CATTGGATCGATAGGG-1	Oligo
CCAATGAGTCGCGCTA-1	Oligo
CCACAGGAGCTGCTCG-1	Oligo
CCACAGGCAGGCATCC-1	Oligo
CCACAGGCATCCCTTG-1	Oligo
CCACGTTCAAACCCTA-1	Oligo
CCACGTTCAAGTCTGT-1	Oligo
CCACGTTCAGAACAGC-1	Oligo
CCACGTTCAGTTCGGC-1	Oligo
CCACGTTGTCGTAGTT-1	Oligo
CCAGAATCATAGTCCA-1	Oligo
CCAGAATGTCAACTGT-1	Oligo
CCAGAATGTCATAAGA-1	Oligo
CCAGATACACCGTCTT-1	Oligo
CCAGATATCTGGACAT-1	Oligo
CCATACCCATACAACC-1	Oligo
CCATACCGTTGGCTTA-1	Oligo
CCCACATCACGTTAGT-1	Oligo
CCCAGAGGTAACGGAC-1	Oligo
CCCTAACTCCATATCT-1	Oligo
CCCTCTCCAAGGAAGA-1	Oligo
CCCTCTCCACCTGGTG-1	Oligo
CCCTGATAGGGATCCA-1	Oligo
CCGAAGCAGACAGTGC-1	Oligo
CCGAAGCCATACCCGG-1	Oligo
CCGCATTAGTTGGAAT-1	Oligo
CCGCATTCAAGCAATA-1	Oligo
CCGTAGGAGTGAGCAC-1	Oligo
CCGTGAGCAATGATGA-1	Oligo
CCGTGAGCACTCAGCG-1	Oligo
CCTAAAGTCACGGGTC-1	Oligo
CCTATTAAGGCGATTG-1	Oligo
CCTGCTAAGGTTAACA-1	Oligo
CCTGCTAGTTGCTTGA-1	Oligo
CCTTGCACAGATTTGC-1	Oligo
CCTTGGTTCTATTTCG-1	Oligo
CGAGTTACACCAAGGA-1	Oligo
CGATGATGTGGCCTTG-1	Oligo
CGATGATTCTTAAGCG-1	Oligo
CGCAATAAGAAGAGTG-1	Oligo
CGCAATAAGTGTCGGA-1	Oligo
CGCAATACATGGAGGT-1	Oligo
CGCACAGAGCCGCTGT-1	Oligo
CGCGCAACATCCCTCA-1	Oligo
CGCGCAATCCCGTAGG-1	Oligo
CGCTATCGTATTTGCG-1	Oligo
CGCTATCTCCTGTAGA-1	Oligo
CGCTGGAAGCAATGTA-1	Oligo
CGCTGGATCTCAGATG-1	Oligo
CGGACCACAGGTCCTG-1	Oligo
CGTAAACAGTACCCAT-1	Oligo
CGTACAAAGCCGCTGT-1	Oligo
CGTGGCATCCGCTATC-1	Oligo
CTAACTTAGACTTCCA-1	Oligo
CTACTTAGTCATCGTA-1	Oligo
CTACTTATCTTGTACT-1	Oligo
CTAGCGGAGTCGAAAT-1	Oligo
CTAGCGGCAATGGTCT-1	Oligo
CTAGGATGTGACCAGA-1	Oligo
CTAGGGCAGTTCCCGG-1	Oligo
CTAGGGCTCAAACCAC-1	Oligo
CTCAACCCACGATATC-1	Oligo
CTCAACCCATCCCAAA-1	Oligo
CTCACCATCGTTCAGA-1	Oligo
CTCACCATCGTTCCGT-1	Oligo
CTCAGAAGTATTGTCG-1	Oligo
CTCAGCTTCAGTCTTT-1	Oligo
CTCAGCTTCTCCTTGG-1	Oligo
CTCCCAATCCCGGGTA-1	Oligo
CTCCCAATCGACTTAG-1	Oligo
CTCTACGGTTCCAGTA-1	Oligo
CTCTCAGAGGGCATTG-1	Oligo
CTCTCAGTCGTGGCGT-1	Oligo
CTCTCAGTCTATATCC-1	Oligo
CTGAATGAGATGCGCA-1	Oligo
CTGAATGGTCCGAGCT-1	Oligo
CTGAATGTCCTTGACC-1	Oligo
CTGCGTTAGCTGGAGT-1	Oligo
CTGCGTTCACACATTG-1	Oligo
CTGCGTTGTAAAGCTA-1	Oligo
CTGCTCACACTGAAGG-1	Oligo
CTGCTCACATGTGAGG-1	Oligo
CTGGGACAGAGCCTGA-1	Oligo
CTGGGACTCTTCCACG-1	Oligo
CTGTATTAGAACGCCA-1	Oligo
CTGTATTGTCTGAGCC-1	Oligo
CTGTATTGTGGTAGAC-1	Oligo
CTGTTCGGTACATGGG-1	Oligo
CTGTTCGTCGATGTAC-1	Oligo
CTTCCAGAGCAATGTA-1	Oligo
CTTCCAGAGTGATAAC-1	Oligo
CTTCCAGCACATCATG-1	Oligo
CTTCCAGGTTCATTTC-1	Oligo
CTTCTAAAGCAATAAC-1	Oligo
CTTGAAGAGCCATCAT-1	Oligo
CTTGAAGAGTACGCGA-1	Oligo
CTTGAAGAGTGCCCTG-1	Oligo
CTTGAAGCACCTGAAT-1	Oligo
CTTGAAGTCACGATTG-1	Oligo
CTTGCCAAGAGTGGAA-1	Oligo
CTTGCCAGTATTGTCG-1	Oligo
CTTGCCATCGAACCGC-1	Oligo
CTTGCTGAGGGTAATT-1	Oligo
CTTGTCGAGCAGAAAG-1	Oligo
CTTGTCGGTGTGCTTA-1	Oligo
GAAATGAAGAGCACTG-1	Oligo
GAAATGACAAGGAAGA-1	Oligo
GAAATGAGTGACCAGA-1	Oligo
GAACCGCAGCAGTAGC-1	Oligo
GAACCGCTCCTCCCAA-1	Oligo
GAACCTACATGTATCG-1	Oligo
GAACGTTCATCGGCTG-1	Oligo
GAACGTTTCTCTTCCT-1	Oligo
GAACTTGGTGTGTGCC-1	Oligo
GAATCTGCACCTGAAT-1	Oligo
GACCGACCAGTCAGAG-1	Oligo
GACCGACGTATCACAC-1	Oligo
GACCTTCGTATCCTTT-1	Oligo
GACCTTCGTTAGTAGA-1	Oligo
GACTAACGTACCGGCT-1	Oligo
GACTAACTCGGGAAAC-1	Oligo
GACTAGTTCACACGTA-1	Oligo
GAGAACGAGGAAGGTA-1	Oligo
GAGACTTAGGTTTCTG-1	Oligo
GAGACTTAGTAGGAAG-1	Oligo
GAGACTTCACCTGAAT-1	Oligo
GAGATTCAGGAGACTC-1	Oligo
GAGATTCCACAGGTAG-1	Oligo
GAGATTCCATGCGACC-1	Oligo
GAGATTCTCTGGAAGG-1	Oligo
GAGCATTGTCATAGAA-1	Oligo
GAGCATTTCCAATAGC-1	Oligo
GAGCATTTCTCAGATG-1	Oligo
GAGCGCTCATGGCCGT-1	Oligo
GAGCGCTGTGGTTCTA-1	Oligo
GAGGCTCCACCGTTGG-1	Oligo
GAGGCTCTCTTTGCAT-1	Oligo
GAGGTCCCAGATACAA-1	Oligo
GATCATGAGCATGATA-1	Oligo
GATGATCAGTATACCC-1	Oligo
GATGATCCAATCAGGG-1	Oligo
GATGATCCAATTGCCA-1	Oligo
GATGGCCGTAGCCATT-1	Oligo
GATTAGCCAATTCTCT-1	Oligo
GATTAGCGTCAAGACG-1	Oligo
GATTGACCAACTAGAA-1	Oligo
GATTGACGTATCCTTT-1	Oligo
GCAAAGGTCCCGGGTA-1	Oligo
GCAAAGGTCCGCTCTA-1	Oligo
GCACCTTGTAGCTGTT-1	Oligo
GCACGCAGTATTCACG-1	Oligo
GCAGATTAGGAATGGA-1	Oligo
GCAGCCAGTTTAGAAG-1	Oligo
GCAGCTGGTCTGGTTA-1	Oligo
GCATGATCAAGAGATT-1	Oligo
GCATGATCATCCGTAA-1	Oligo
GCATTGAAGTCTCCAA-1	Oligo
GCCAGACAGAAATGGG-1	Oligo
GCCAGACAGTCAACTC-1	Oligo
GCCAGACCAAGTGGCA-1	Oligo
GCCAGCACAGATAAGT-1	Oligo
GCCAGCAGTTAACCAC-1	Oligo
GCCATAACATTAGCCA-1	Oligo
GCCCAGAAGTCGACCC-1	Oligo
GCCCAGATCCTTTGAT-1	Oligo
GCCCGAAAGTCTGGGA-1	Oligo
GCCCGAACAACAACTC-1	Oligo
GCCCGAACACGGCCAT-1	Oligo
GCCCGAAGTCTGAGCC-1	Oligo
GCCTACTCACCCATCT-1	Oligo
GCGAGAATCACAGGGA-1	Oligo
GCGATCGAGGGTCTGA-1	Oligo
GCGATCGTCTAGCAGT-1	Oligo
GCGCATGAGTTGGAAT-1	Oligo
GCGCCAAAGAATCAAC-1	Oligo
GCGCCAACAACGTACT-1	Oligo
GCGCCAACACACTAGT-1	Oligo
GCGGAAACAACTAGAA-1	Oligo
GCGGAAATCGCTCTAC-1	Oligo
GCGGGTTCAACGCAAG-1	Oligo
GCGGTGTGTGTCGTGC-1	Oligo
GCGGTGTTCCATCTAT-1	Oligo
GCGTAGCAGGGATCCA-1	Oligo
GCTCACTGTCAGTGTT-1	Oligo
GCTCAGGAGTCCCTCT-1	Oligo
GCTCAGGTCCAGGTAT-1	Oligo
GCTCAGGTCGGCTATA-1	Oligo
GCTCAGGTCTAGCTGA-1	Oligo
GCTCGAGAGTACAACA-1	Oligo
GCTCGAGGTATGTCCA-1	Oligo
GCTGAGCTCCCAGCGA-1	Oligo
GCTGAGCTCCTCAAGA-1	Oligo
GCTGCGAAGGTCACTT-1	Oligo
GCTGTTCCAATTGCCA-1	Oligo
GCTGTTCTCCATTGTT-1	Oligo
GCTGTTCTCTAGTCGA-1	Oligo
GCTTAAGAGAATAGTC-1	Oligo
GCTTAAGTCAGGCCGT-1	Oligo
GCTTAAGTCAGTGTGT-1	Oligo
GCTTGCTAGTGCTGAG-1	Oligo
GCTTGCTCAGTTGCAT-1	Oligo
GCTTGCTGTACAAATG-1	Oligo
GCTTTCGCAATGTGCT-1	Oligo
GCTTTCGGTGGTACTT-1	Oligo
GCTTTCGGTTAACCAC-1	Oligo
GCTTTCGTCCAGGCCA-1	Oligo
GGAACTTTCGACCCGA-1	Oligo
GGAACTTTCGTCAACA-1	Oligo
GGAATCTGTATTGTGC-1	Oligo
GGACACCGTGGATTTC-1	Oligo
GGAGAACCAGGTAGCA-1	Oligo
GGAGAACGTCGCTAGC-1	Oligo
GGAGAACGTGTGACCC-1	Oligo
GGAGAACGTTTGTCTT-1	Oligo
GGAGGATAGCATTCCA-1	Oligo
GGAGGATGTACGACCC-1	Oligo
GGAGGATGTACGTATC-1	Oligo
GGAGGATTCATAGGTC-1	Oligo
GGAGGATTCTGGACAT-1	Oligo
GGAGTAGCAAGTCCTA-1	Oligo
GGAGTAGTCCAGAGAG-1	Oligo
GGATAGGCAATACTGC-1	Oligo
GGATAGGTCCGATTGA-1	Oligo
GGCACGTAGACCCTAT-1	Oligo
GGCACGTAGAGGTGGG-1	Oligo
GGCACGTTCGTCCCTA-1	Oligo
GGCGAAACACTACACA-1	Oligo
GGCGTTGCAGGTGTGA-1	Oligo
GGCGTTGGTTAAGTCC-1	Oligo
GGGAACAAGGTACTCT-1	Oligo
GGGAACAAGTATAGTG-1	Oligo
GGGAACAAGTCTCCAA-1	Oligo
GGGACCTAGGGTAGTC-1	Oligo
GGGACCTGTGCTGGCT-1	Oligo
GGGTGTCTCATGTTCT-1	Oligo
GGTAGGATCCCGTAGG-1	Oligo
GGTAGGATCGTCTAGA-1	Oligo
GGTCATAAGGTTTCTG-1	Oligo
GGTGTCGCACACTAGT-1	Oligo
GGTGTCGTCTCTGTTA-1	Oligo
GGTTGCGAGACCCTAT-1	Oligo
GGTTGCGAGGACTAGC-1	Oligo
GGTTGCGAGTAACACA-1	Oligo
GGTTGCGCAATGGTCT-1	Oligo
GGTTGCGGTTGTCGGC-1	Oligo
GTAATCGTCCGGAAAG-1	Oligo
GTAATCGTCGTTCTAT-1	Oligo
GTACTTTAGCTACGCC-1	Oligo
GTACTTTCACCTGAAT-1	Oligo
GTACTTTCAGAGCCAA-1	Oligo
GTACTTTGTTCCGCGA-1	Oligo
GTAGACTAGCTGCCAC-1	Oligo
GTAGTACGTAAACCCT-1	Oligo
GTAGTACTCGACTGGC-1	Oligo
GTCACAACAATGTGCT-1	Oligo
GTCACCTAGGTCCTCG-1	Oligo
GTCACGGAGGTGAACC-1	Oligo
GTCACGGGTTCAGTTG-1	Oligo
GTCACTCCAGCGTCGT-1	Oligo
GTCACTCTCAATTGGC-1	Oligo
GTCGTAAGTGCAGACA-1	Oligo
GTCGTAATCAATCGTG-1	Oligo
GTCTACCCATCGACGC-1	Oligo
GTGATCAGTTCATTTC-1	Oligo
GTGATCAGTTGTGAGG-1	Oligo
GTGCACGCACAATAAG-1	Oligo
GTGCCAGTCGAGAAGC-1	Oligo
GTGGATTAGATGTTGA-1	Oligo
GTGGCGTAGCAGAGCT-1	Oligo
GTGTCCTGTAACGGTG-1	Oligo
GTGTGATAGGCACTAG-1	Oligo
GTTACGATCGATCGCG-1	Oligo
GTTACTTTCGTTGTAG-1	Oligo
GTTATGGCAGTGCGTC-1	Oligo
GTTATGGTCCATTGAG-1	Oligo
GTTATGGTCGCCCTTA-1	Oligo
GTTCAAGGTTCCATCC-1	Oligo
GTTGGGCCACGCTGTG-1	Oligo
GTTGGTAGTCGTAGTT-1	Oligo
TAAACCGCACCTTGTC-1	Oligo
TAAACCGCACGTTGTA-1	Oligo
TAAACCGGTCCAGACC-1	Oligo
TAACAGCGTAAACGAT-1	Oligo
TAACAGCGTAGCGAGT-1	Oligo
TAACAGCGTCGCGCTA-1	Oligo
TAACGGTCACCTGAAT-1	Oligo
TAACGGTTCTAGCAAC-1	Oligo
TAACTTCGTGAGTCGA-1	Oligo
TAAGCCAAGACTTCCA-1	Oligo
TAAGCCAAGTACCTCA-1	Oligo
TAATCGGCAGTTGGAG-1	Oligo
TAATTCCAGTCTGTGT-1	Oligo
TAATTCCCATCGCTAA-1	Oligo
TACAGCAAGGAACCGT-1	Oligo
TACATTCTCCCGCAAG-1	Oligo
TACCCTGGTTCTGAAC-1	Oligo
TACCTATAGACTAGCG-1	Oligo
TACCTCGAGTGCTAGG-1	Oligo
TACCTCGCATACCCGG-1	Oligo
TACGCAACAACGACAG-1	Oligo
TACGGATAGAGTCCGA-1	Oligo
TACGGATAGCTGATTC-1	Oligo
TACGGATGTCACAGTT-1	Oligo
TACTAGGAGGAGTCTG-1	Oligo
TACTCGCCACCTGAAT-1	Oligo
TACTCGCGTACAACGG-1	Oligo
TAGACTGAGTCTGTGT-1	Oligo
TAGACTGGTTTCCACC-1	Oligo
TAGACTGTCACTTACT-1	Oligo
TAGCACATCACTGATG-1	Oligo
TAGCACATCAGCACGC-1	Oligo
TAGCATGTCGCTGATA-1	Oligo
TAGCCCTTCTCTATTG-1	Oligo
TAGCCGGAGTCAGGAC-1	Oligo
TAGGTGTTCAACGTGT-1	Oligo
TAGGTGTTCCCTACCA-1	Oligo
TATCGAGCACCGTCTT-1	Oligo
TATGTTCAGAAATTCG-1	Oligo
TATGTTCAGGTAAGTT-1	Oligo
TATGTTCCAACGTAGG-1	Oligo
TCAAAGCGTGATAGAT-1	Oligo
TCAAAGCTCTCTCAAT-1	Oligo
TCAAGACCATGGTAAA-1	Oligo
TCAAGACGTTGCAGAG-1	Oligo
TCAAGCATCCGCCTAT-1	Oligo
TCAAGGTGTTGAAGCG-1	Oligo
TCAATTCAGGCTCCTG-1	Oligo
TCAATTCAGTCTTAGC-1	Oligo
TCAATTCCATCTCTCG-1	Oligo
TCACAAGCACTCGGAC-1	Oligo
TCACAAGCATGTAGAA-1	Oligo
TCACAAGGTTAGGCTT-1	Oligo
TCACAGATCAAATGGA-1	Oligo
TCACCACAGTGAATAC-1	Oligo
TCACCACCAATGTGTC-1	Oligo
TCACCTGAGTATGGGC-1	Oligo
TCACTCGGTGGTAAGC-1	Oligo
TCAGCTCCATTGCGAT-1	Oligo
TCAGGGCAGTACGACG-1	Oligo
TCAGGGCTCGCTAGTA-1	Oligo
TCAGGTACAATTCAGC-1	Oligo
TCAGTCCCACACGGTC-1	Oligo
TCAGTCCCATTAACGC-1	Oligo
TCAGTTTAGGTGTCGA-1	Oligo
TCCAGAACATTACCTT-1	Oligo
TCCATCGGTTTGAAGA-1	Oligo
TCCGACTAGCCATTCA-1	Oligo
TCCGACTCATTTGTTC-1	Oligo
TCGATTTCAGAGTCGA-1	Oligo
TCGATTTTCAATTGGC-1	Oligo
TCGATTTTCTATATCC-1	Oligo
TCGCCTACATATTGGC-1	Oligo
TCGGGACCAGACTAAA-1	Oligo
TCGGGACTCTTGTCAT-1	Oligo
TCGTTCGAGACCATAA-1	Oligo
TCGTTCGAGGGTTCCC-1	Oligo
TCGTTCGAGTGGACGT-1	Oligo
TCGTTCGTCACTGATG-1	Oligo
TCGTTCGTCGTATAGC-1	Oligo
TCTATTGAGGGTAATT-1	Oligo
TCTATTGTCGGGAATG-1	Oligo
TCTATTGTCTCTTCCT-1	Oligo
TCTCAGCCACGTACAT-1	Oligo
TCTCTGGAGCCATGGA-1	Oligo
TGAATCGTCTGCCGAG-1	Oligo
TGACTCCTCGGGAATG-1	Oligo
TGAGCCGGTAAGGTCG-1	Oligo
TGAGTCATCTGGTACA-1	Oligo
TGATCAGAGCGCACAA-1	Oligo
TGATCAGAGTATGCTC-1	Oligo
TGATGCAGTCCCGAGT-1	Oligo
TGATTTCGTATTCTGG-1	Oligo
TGCACCTGTGCTAGTT-1	Oligo
TGCATTTAGATACCAA-1	Oligo
TGCATTTCAGCGTAGA-1	Oligo
TGCATTTTCCTAAGTG-1	Oligo
TGCCTCATCGGTGATT-1	Oligo
TGCCTGTAGATGAGGA-1	Oligo
TGCGTAATCTATCTTG-1	Oligo
TGCTATTCACATATCG-1	Oligo
TGCTCGTTCCAGGTAT-1	Oligo
TGCTTCGGTCCTATTT-1	Oligo
TGCTTCGGTCTGGATT-1	Oligo
TGGAAGGCAATTGCCA-1	Oligo
TGGAAGGTCACCCTTG-1	Oligo
TGGACATAGCGCAATG-1	Oligo
TGGACATTCCGAATTG-1	Oligo
TGGCAATGTCATAGAA-1	Oligo
TGGCAATTCAGATACC-1	Oligo
TGGCCTTAGCTGGAGT-1	Oligo
TGGCGCAAGGCAATTA-1	Oligo
TGGGTGCTCGGTTGTA-1	Oligo
TGGTCCTAGCTGAGGT-1	Oligo
TGGTCCTCACTGTAAC-1	Oligo
TGGTCCTTCCCGTAGG-1	Oligo
TGTAAGCTCCTTCGAC-1	Oligo
TGTACAGTCAGGAATA-1	Oligo
TGTACGACAGTAAGAT-1	Oligo
TGTACGACATCGTACA-1	Oligo
TGTACGATCGTGGCGT-1	Oligo
TGTGACAAGAACTAAC-1	Oligo
TGTGGCGAGCTGCCAC-1	Oligo
TGTGTCCTCCGAGGAA-1	Oligo
TTAACGGGTGCTTGAT-1	Oligo
TTAACGGTCACAACAC-1	Oligo
TTACCCGGTCCAGACC-1	Oligo
TTACCGCAGACCTATC-1	Oligo
TTACCGCTCGTGATAC-1	Oligo
TTACGGAAGAGCCTGA-1	Oligo
TTACGTTAGTCCGTGC-1	Oligo
TTACGTTGTATTCTGG-1	Oligo
TTACGTTTCGTTCAGA-1	Oligo
TTACGTTTCGTTCCGT-1	Oligo
TTACTCAAGAAACGCC-1	Oligo
TTAGCGAGTGTCCCAG-1	Oligo
TTAGCGATCAGTGGTT-1	Oligo
TTAGCGATCTGACTTT-1	Oligo
TTAGCTTCACCACAGC-1	Oligo
TTAGGTGAGACACAAT-1	Oligo
TTCATCAAGCAGAAAG-1	Oligo
TTCATCAGTAGTACAA-1	Oligo
TTCATTGAGCACACCC-1	Oligo
TTCGATTGTTCCTATT-1	Oligo
TTCGATTTCAGGCCGT-1	Oligo
TTCGCGTAGCACCATT-1	Oligo
TTCGCGTCATCATGTG-1	Oligo
TTCGCGTGTGACGCAA-1	Oligo
TTCGGTCTCGGGCTCA-1	Oligo
TTCGTTAAGGTTCGTT-1	Oligo
TTCTAACAGGGCTCTC-1	Oligo
TTCTAACCATGCCTTC-1	Oligo
TTCTAACCATTGTTCT-1	Oligo
TTCTGTAAGAATCAAC-1	Oligo
TTCTGTACATCCATAG-1	Oligo
TTCTGTACATGGTAAA-1	Oligo
TTCTGTATCTGTCGGG-1	Oligo
TTGACGACAGAATGCG-1	Oligo
TTGACGACAGCGTACC-1	Oligo
TTGAGCATCGGCATAT-1	Oligo
TTGAGTGAGACGCCAA-1	Oligo
TTGAGTGCAGGATAGC-1	Oligo
TTGCACCCATCTGCAA-1	Oligo
TTGCACCGTATGTTCG-1	Oligo
TTGCACCTCAGGAAGC-1	Oligo
TTGCACCTCCAGGCCA-1	Oligo
TTGCACCTCTACCCGT-1	Oligo
TTGCAGAGTGCTGTCG-1	Oligo
TTGCCCAAGGAAGGTA-1	Oligo
TTGCGGGAGGGCTTCC-1	Oligo
TTGCGGGCACTGTCGG-1	Oligo
TTGCTATAGAAACGCC-1	Oligo
TTGCTATGTCTGGGCT-1	Oligo
TTGCTTACATAGAATG-1	Oligo
TTGCTTACATATTGGC-1	Oligo
TTGTCTACATCAGCTA-1	Oligo
TTGTCTAGTTCTACGA-1	Oligo
TTGTTCAGTCCCGTGA-1	Oligo
TTGTTCAGTGCCCAGT-1	Oligo
TTGTTGTAGCTACGTT-1	Oligo
TTTACGTGTACCCATA-1	Oligo
TTTGGCCAGTCGCCTG-1	Oligo
TTTGGTTGTCCCGTGA-1	Oligo
TTTGGTTTCTTAATCC-1	Oligo
TTTGTGTGTGGCATAG-1	Oligo
TTTGTGTGTTACGCTA-1	Oligo
TTTGTGTGTTACGGAG-1	Oligo
TTTGTGTTCCCACGGA-1	Oligo
TTTGTGTTCGAGGCTC-1	Oligo
AAAGGATTCACAGGGA-1	OPC
AAAGGGCTCGCGCTGA-1	OPC
AACAAAGTCAAAGTAG-1	OPC
AACATCGGTAGAAGCC-1	OPC
AACGGGACAGTAAGAT-1	OPC
AAGGTTCTCGATAGGG-1	OPC
AAGGTTCTCTCGACCT-1	OPC
ACAATCGGTAGATTAG-1	OPC
ACTAACGCATGCACTA-1	OPC
ACTATTCAGGTAGGAA-1	OPC
AGCGTGCTCTATTTCG-1	OPC
ATTACCTGTTCTGAGT-1	OPC
ATTACTCTCTGTCGGG-1	OPC
CAACCAATCAGGCCGT-1	OPC
CAACCAATCGGGATCC-1	OPC
CAACGTATCGTGAGTT-1	OPC
CACAACACATATAGAG-1	OPC
CACATGATCGTGTGCG-1	OPC
CACTAAGCAGTCCTGG-1	OPC
CACTAAGTCGGGATCC-1	OPC
CATTCATGTGTCCTTC-1	OPC
CCACAGGCACCACCAG-1	OPC
CCTTGCAGTCACTCTC-1	OPC
CCTTGCAGTGTAGGAC-1	OPC
CCTTGCAGTTTGTAGC-1	OPC
CCTTGGTCATCCTCGT-1	OPC
CCTTGGTTCAGAGTGG-1	OPC
CCTTGGTTCTTCCGTG-1	OPC
CGGACCACACGCGACT-1	OPC
CGGTGCATCCGTACGG-1	OPC
CGTGGCAGTAAGGTCG-1	OPC
CTAACTTAGGCGCTTC-1	OPC
CTGCTCATCAAGGCAG-1	OPC
CTTCTAAAGAACCCGA-1	OPC
CTTGAAGCATCAGAAA-1	OPC
GAACCTAGTATCAGCT-1	OPC
GAAGTGGAGAATCAGT-1	OPC
GACCCAGGTTTAAGGA-1	OPC
GACCGACAGGAAGACA-1	OPC
GAGGATGTCAGGGTTT-1	OPC
GCGAGTCAGATACCAA-1	OPC
GCGATTATCGTTGTAG-1	OPC
GCGTTGGGTAGTGATA-1	OPC
GCTCCTACAAATAGTG-1	OPC
GCTTAAGAGACCCATT-1	OPC
GGAACCCAGAAGCCTG-1	OPC
GGAATCTCACTCGGAC-1	OPC
GGAATCTCATGTAGAA-1	OPC
GGGTTATTCGAACACT-1	OPC
GGTCATATCTATCTCA-1	OPC
GTCACCTAGTGTCGCC-1	OPC
GTCCATCTCAGGCCGT-1	OPC
GTCCATCTCGGGATCC-1	OPC
GTCTACCCACGCGACT-1	OPC
GTGCTGGTCGTGGGTC-1	OPC
GTGCTGGTCTATGAGC-1	OPC
TAACGGTTCGGGATCC-1	OPC
TAATCGGTCGGGTCCA-1	OPC
TACCTATAGCGATACG-1	OPC
TACTCGCTCAGGCCGT-1	OPC
TAGCCGGGTAGCCATT-1	OPC
TAGCCGGGTCTGAGCC-1	OPC
TAGTCCCTCGTGATAC-1	OPC
TATCTGTTCCAACCTC-1	OPC
TATTGCTGTCTCGGGT-1	OPC
TCACTCGAGACGACTG-1	OPC
TCAGTCCTCCTCCATG-1	OPC
TCAGTCCTCGCTAGTA-1	OPC
TCGCAGGTCTGTCGTC-1	OPC
TCTCAGCAGATGCGCA-1	OPC
TGACTCCAGGGTTCTT-1	OPC
TGAGCCGGTTTGCCCT-1	OPC
TGCATGACAACATAAG-1	OPC
TGGGTGCTCCGTACGG-1	OPC
TGGTCCTAGCTTCAAC-1	OPC
TTAGCTTTCAAATGGA-1	OPC
TTCGCGTAGCTCGGCT-1	OPC
AGCTGGCAGTAGGTCG-1	PerEndo
AGGCGTCGTACCAAGG-1	PerEndo
ATGTTTCAGGCCTAAG-1	PerEndo
CAAAGCTTCTCTGAGA-1	PerEndo
CACATGATCCAGGTCG-1	PerEndo
CATTCCGGTTGAATAG-1	PerEndo
CCGAAGCCAAGCAGGT-1	PerEndo
GAAATGAGTAGGTGAC-1	PerEndo
GCAACCGCAGTCCTGG-1	PerEndo
GCTCCTAAGATCGCCC-1	PerEndo
GGTGAAGCACAAGTGG-1	PerEndo
GTCACAAAGTTTGGAA-1	PerEndo
GTGTCCTTCACTGATG-1	PerEndo
TATCGAGAGTGAAACT-1	PerEndo
TCAAGGTGTGGGTAGT-1	PerEndo
TCAGGTAGTCAACTAC-1	PerEndo
TGACTCCAGTGTTCCA-1	PerEndo
TGGGTGCCACTTGCGG-1	PerEndo
TTGAGTGGTTCTTTCA-1	PerEndo
TTTGAGGCACAGTTAC-1	PerEndo
